city_a,city_b,year,month,pax,trips,load_factor,distance_km,pax_clean,route
ADL,MEL,2014,7,196327,1646.0,77.9,643.0,196327.0,ADL-MEL
ADL,MEL,2014,8,193133,1613.0,78.1,643.0,193133.0,ADL-MEL
ADL,MEL,2014,9,185150,1582.0,74.2,643.0,185150.0,ADL-MEL
ADL,MEL,2014,10,207283,1634.0,82.5,643.0,207283.0,ADL-MEL
ADL,MEL,2014,11,187550,1523.0,81.6,643.0,187550.0,ADL-MEL
ADL,MEL,2014,12,193609,1582.0,79.5,643.0,193609.0,ADL-MEL
ADL,MEL,2015,1,177599,1520.0,75.2,643.0,177599.0,ADL-MEL
ADL,MEL,2015,2,174781,1441.0,80.0,643.0,174781.0,ADL-MEL
ADL,MEL,2015,3,200299,1620.0,80.5,643.0,200299.0,ADL-MEL
ADL,MEL,2015,4,205005,1616.0,80.3,643.0,205005.0,ADL-MEL
ADL,MEL,2015,5,186943,1611.0,74.9,643.0,186943.0,ADL-MEL
ADL,MEL,2015,6,175225,1555.0,71.7,643.0,175225.0,ADL-MEL
ADL,MEL,2015,7,202394,1652.0,77.7,643.0,202394.0,ADL-MEL
ADL,MEL,2015,8,194278,1600.0,77.3,643.0,194278.0,ADL-MEL
ADL,MEL,2015,9,188739,1611.0,74.8,643.0,188739.0,ADL-MEL
ADL,MEL,2015,10,207820,1657.0,80.9,643.0,207820.0,ADL-MEL
ADL,MEL,2015,11,199688,1580.0,82.6,643.0,199688.0,ADL-MEL
ADL,MEL,2015,12,198179,1620.0,79.1,643.0,198179.0,ADL-MEL
ADL,MEL,2016,1,187175,1587.0,76.0,643.0,187175.0,ADL-MEL
ADL,MEL,2016,2,186480,1572.0,77.0,643.0,186480.0,ADL-MEL
ADL,MEL,2016,3,208150,1663.0,80.7,643.0,208150.0,ADL-MEL
ADL,MEL,2016,4,206603,1578.0,82.8,643.0,206603.0,ADL-MEL
ADL,MEL,2016,5,200302,1571.0,80.2,643.0,200302.0,ADL-MEL
ADL,MEL,2016,6,182931,1504.0,77.3,643.0,182931.0,ADL-MEL
ADL,MEL,2016,7,215652,1698.0,80.3,643.0,215652.0,ADL-MEL
ADL,MEL,2016,8,189511,1668.0,72.7,643.0,189511.0,ADL-MEL
ADL,MEL,2016,9,195837,1654.0,76.2,643.0,195837.0,ADL-MEL
ADL,MEL,2016,10,211873,1669.0,82.6,643.0,211873.0,ADL-MEL
ADL,MEL,2016,11,206318,1615.0,82.3,643.0,206318.0,ADL-MEL
ADL,MEL,2016,12,203051,1595.0,80.3,643.0,203051.0,ADL-MEL
ADL,MEL,2017,1,197640,1549.0,80.6,643.0,197640.0,ADL-MEL
ADL,MEL,2017,2,182535,1488.0,78.9,643.0,182535.0,ADL-MEL
ADL,MEL,2017,3,214815,1649.0,82.0,643.0,214815.0,ADL-MEL
ADL,MEL,2017,4,202681,1561.0,81.0,643.0,202681.0,ADL-MEL
ADL,MEL,2017,5,198673,1582.0,80.1,643.0,198673.0,ADL-MEL
ADL,MEL,2017,6,194830,1553.0,78.3,643.0,194830.0,ADL-MEL
ADL,MEL,2017,7,216528,1625.0,82.8,643.0,216528.0,ADL-MEL
ADL,MEL,2017,8,195350,1587.0,76.3,643.0,195350.0,ADL-MEL
ADL,MEL,2017,9,201692,1608.0,77.9,643.0,201692.0,ADL-MEL
ADL,MEL,2017,10,221993,1651.0,84.3,643.0,221993.0,ADL-MEL
ADL,MEL,2017,11,213206,1619.0,82.0,643.0,213206.0,ADL-MEL
ADL,MEL,2017,12,216483,1655.0,80.9,643.0,216483.0,ADL-MEL
ADL,MEL,2018,1,200967,1595.0,78.6,643.0,200967.0,ADL-MEL
ADL,MEL,2018,2,191022,1523.0,78.4,643.0,191022.0,ADL-MEL
ADL,MEL,2018,3,221754,1688.0,80.6,643.0,221754.0,ADL-MEL
ADL,MEL,2018,4,215390,1583.0,83.7,643.0,215390.0,ADL-MEL
ADL,MEL,2018,5,200029,1567.0,79.3,643.0,200029.0,ADL-MEL
ADL,MEL,2018,6,192792,1511.0,78.7,643.0,192792.0,ADL-MEL
ADL,MEL,2018,7,217777,1667.0,80.5,643.0,217777.0,ADL-MEL
ADL,MEL,2018,8,206123,1590.0,81.2,643.0,206123.0,ADL-MEL
ADL,MEL,2018,9,201779,1569.0,79.9,643.0,201779.0,ADL-MEL
ADL,MEL,2018,10,221346,1650.0,83.1,643.0,221346.0,ADL-MEL
ADL,MEL,2018,11,219313,1587.0,85.0,643.0,219313.0,ADL-MEL
ADL,MEL,2018,12,209912,1526.0,83.0,643.0,209912.0,ADL-MEL
ADL,MEL,2019,1,199040,1546.0,77.7,643.0,199040.0,ADL-MEL
ADL,MEL,2019,2,200463,1513.0,80.6,643.0,200463.0,ADL-MEL
ADL,MEL,2019,3,227419,1678.0,82.1,643.0,227419.0,ADL-MEL
ADL,MEL,2019,4,215027,1588.0,81.7,643.0,215027.0,ADL-MEL
ADL,MEL,2019,5,199098,1601.0,76.3,643.0,199098.0,ADL-MEL
ADL,MEL,2019,6,189519,1512.0,76.1,643.0,189519.0,ADL-MEL
ADL,MEL,2019,7,222844,1645.0,82.8,643.0,222844.0,ADL-MEL
ADL,MEL,2019,8,212024,1571.0,82.2,643.0,212024.0,ADL-MEL
ADL,MEL,2019,9,210920,1588.0,81.0,643.0,210920.0,ADL-MEL
ADL,MEL,2019,10,232046,1659.0,85.8,643.0,232046.0,ADL-MEL
ADL,MEL,2019,11,222402,1574.0,85.8,643.0,222402.0,ADL-MEL
ADL,MEL,2019,12,207259,1544.0,81.7,643.0,207259.0,ADL-MEL
ADL,MEL,2020,1,199543,1483.0,81.5,643.0,199543.0,ADL-MEL
ADL,MEL,2020,2,193053,1497.0,78.3,643.0,193053.0,ADL-MEL
ADL,MEL,2020,3,129445,1291.0,63.1,643.0,129445.0,ADL-MEL
ADL,MEL,2020,4,4487,225.0,23.0,643.0,4487.0,ADL-MEL
ADL,MEL,2020,5,6165,192.0,38.3,643.0,6165.0,ADL-MEL
ADL,MEL,2020,6,7413,192.0,45.1,643.0,7413.0,ADL-MEL
ADL,MEL,2020,7,4137,215.0,22.1,643.0,4137.0,ADL-MEL
ADL,MEL,2020,8,1191,148.0,9.1,643.0,1191.0,ADL-MEL
ADL,MEL,2020,9,1369,175.0,11.1,643.0,1369.0,ADL-MEL
ADL,MEL,2020,10,1647,167.0,13.4,643.0,1647.0,ADL-MEL
ADL,MEL,2020,11,2950,168.0,23.2,643.0,2950.0,ADL-MEL
ADL,MEL,2020,12,62656,605.0,70.5,643.0,62656.0,ADL-MEL
ADL,MEL,2021,1,71642,658.0,70.1,643.0,71642.0,ADL-MEL
ADL,MEL,2021,2,29080,459.0,44.7,643.0,29080.0,ADL-MEL
ADL,MEL,2021,3,87836,706.0,82.5,643.0,87836.0,ADL-MEL
ADL,MEL,2021,4,147488,1140.0,78.3,643.0,147488.0,ADL-MEL
ADL,MEL,2021,5,120133,1184.0,61.6,643.0,120133.0,ADL-MEL
ADL,MEL,2021,6,17193,412.0,30.0,643.0,17193.0,ADL-MEL
ADL,MEL,2021,7,47527,582.0,55.5,643.0,47527.0,ADL-MEL
ADL,MEL,2021,8,4707,229.0,21.8,643.0,4707.0,ADL-MEL
ADL,MEL,2021,9,2913,186.0,21.3,643.0,2913.0,ADL-MEL
ADL,MEL,2021,10,2179,177.0,14.8,643.0,2179.0,ADL-MEL
ADL,MEL,2021,11,21413,321.0,55.0,643.0,21413.0,ADL-MEL
ADL,MEL,2021,12,88861,1144.0,48.0,643.0,88861.0,ADL-MEL
ADL,MEL,2022,1,86681,860.0,62.2,643.0,86681.0,ADL-MEL
ADL,MEL,2022,2,97647,821.0,74.2,643.0,97647.0,ADL-MEL
ADL,MEL,2022,3,152777,1202.0,77.9,643.0,152777.0,ADL-MEL
ADL,MEL,2022,4,188561,1419.0,78.7,643.0,188561.0,ADL-MEL
ADL,MEL,2022,5,173778,1433.0,73.5,643.0,173778.0,ADL-MEL
ADL,MEL,2022,6,172934,1365.0,77.8,643.0,172934.0,ADL-MEL
ADL,MEL,2022,7,186491,1362.0,83.6,643.0,186491.0,ADL-MEL
ADL,MEL,2022,8,170015,1349.0,78.0,643.0,170015.0,ADL-MEL
ADL,MEL,2022,9,175255,1326.0,81.3,643.0,175255.0,ADL-MEL
ADL,MEL,2022,10,189549,1358.0,85.4,643.0,189549.0,ADL-MEL
ADL,MEL,2022,11,190491,1353.0,87.2,643.0,190491.0,ADL-MEL
ADL,MEL,2022,12,180502,1391.0,79.8,643.0,180502.0,ADL-MEL
ADL,MEL,2023,1,178793,1416.0,77.1,643.0,178793.0,ADL-MEL
ADL,MEL,2023,2,168438,1283.0,81.0,643.0,168438.0,ADL-MEL
ADL,MEL,2023,3,200944,1489.0,83.5,643.0,200944.0,ADL-MEL
ADL,MEL,2023,4,194476,1472.0,80.1,643.0,194476.0,ADL-MEL
ADL,MEL,2023,5,192790,1521.0,77.5,643.0,192790.0,ADL-MEL
ADL,MEL,2023,6,179053,1366.0,79.9,643.0,179053.0,ADL-MEL
ADL,MEL,2023,7,190998,1379.0,84.9,643.0,190998.0,ADL-MEL
ADL,MEL,2023,8,191263,1459.0,80.3,643.0,191263.0,ADL-MEL
ADL,MEL,2023,9,188323,1436.0,80.2,643.0,188323.0,ADL-MEL
ADL,MEL,2023,10,205483,1507.0,85.8,643.0,205483.0,ADL-MEL
ADL,MEL,2023,11,206102,1443.0,88.0,643.0,206102.0,ADL-MEL
ADL,MEL,2023,12,187306,1379.0,84.6,643.0,187306.0,ADL-MEL
ADL,MEL,2024,1,187761,1380.0,82.2,643.0,187761.0,ADL-MEL
ADL,MEL,2024,2,190851,1389.0,83.2,643.0,190851.0,ADL-MEL
ADL,MEL,2024,3,208158,1496.0,83.2,643.0,208158.0,ADL-MEL
ADL,MEL,2024,4,206020,1493.0,83.3,643.0,206020.0,ADL-MEL
ADL,MEL,2024,5,193862,1488.0,78.9,643.0,193862.0,ADL-MEL
ADL,MEL,2024,6,175839,1383.0,76.1,643.0,175839.0,ADL-MEL
ADL,MEL,2024,7,191293,1437.0,81.5,643.0,191293.0,ADL-MEL
ADL,MEL,2024,8,190377,1336.0,86.4,643.0,190377.0,ADL-MEL
ADL,MEL,2024,9,185067,1332.0,83.8,643.0,185067.0,ADL-MEL
ADL,MEL,2024,10,206200,1373.0,90.4,643.0,206200.0,ADL-MEL
ADL,MEL,2024,11,202262,1309.0,91.5,643.0,202262.0,ADL-MEL
ADL,MEL,2024,12,193424,1316.0,86.9,643.0,193424.0,ADL-MEL
ADL,MEL,2025,1,190303,1355.0,82.6,643.0,190303.0,ADL-MEL
ADL,MEL,2025,2,181161,1252.0,86.1,643.0,181161.0,ADL-MEL
ADL,MEL,2025,3,211785,1428.0,87.6,643.0,211785.0,ADL-MEL
ADL,MEL,2025,4,203853,1435.0,83.6,643.0,203853.0,ADL-MEL
ADL,MEL,2025,5,189638,1338.0,84.5,643.0,189638.0,ADL-MEL
ADL,MEL,2025,6,178317,1324.0,79.8,643.0,178317.0,ADL-MEL
ADL,MEL,2025,7,198674,1433.0,82.3,643.0,198674.0,ADL-MEL
ADL,MEL,2025,8,197072,1403.0,82.8,643.0,197072.0,ADL-MEL
ADL,MEL,2025,9,196205,1459.0,79.8,643.0,196205.0,ADL-MEL
ADL,MEL,2025,10,215657,1479.0,86.8,643.0,215657.0,ADL-MEL
ADL,MEL,2025,11,217868,1504.0,86.0,643.0,217868.0,ADL-MEL
ADL,MEL,2025,12,215285,1515.0,84.9,643.0,215285.0,ADL-MEL
ADL,MEL,2026,1,191251,1414.0,82.5,643.0,191251.0,ADL-MEL
ADL,MEL,2026,2,183057,1367.0,82.0,643.0,183057.0,ADL-MEL
ADL,MEL,2026,3,214860,1540.0,85.0,643.0,214860.0,ADL-MEL
ADL,SYD,2014,7,152083,1201.0,76.9,1167.0,152083.0,ADL-SYD
ADL,SYD,2014,8,147223,1167.0,76.6,1167.0,147223.0,ADL-SYD
ADL,SYD,2014,9,147573,1205.0,74.3,1167.0,147573.0,ADL-SYD
ADL,SYD,2014,10,172981,1255.0,83.5,1167.0,172981.0,ADL-SYD
ADL,SYD,2014,11,153483,1127.0,82.6,1167.0,153483.0,ADL-SYD
ADL,SYD,2014,12,162521,1239.0,79.4,1167.0,162521.0,ADL-SYD
ADL,SYD,2015,1,153524,1194.0,77.5,1167.0,153524.0,ADL-SYD
ADL,SYD,2015,2,138602,1061.0,79.4,1167.0,138602.0,ADL-SYD
ADL,SYD,2015,3,160058,1202.0,80.9,1167.0,160058.0,ADL-SYD
ADL,SYD,2015,4,157043,1203.0,80.1,1167.0,157043.0,ADL-SYD
ADL,SYD,2015,5,143241,1183.0,74.6,1167.0,143241.0,ADL-SYD
ADL,SYD,2015,6,128630,1149.0,68.8,1167.0,128630.0,ADL-SYD
ADL,SYD,2015,7,156313,1216.0,79.0,1167.0,156313.0,ADL-SYD
ADL,SYD,2015,8,144409,1181.0,74.7,1167.0,144409.0,ADL-SYD
ADL,SYD,2015,9,151164,1218.0,75.9,1167.0,151164.0,ADL-SYD
ADL,SYD,2015,10,171236,1251.0,83.4,1167.0,171236.0,ADL-SYD
ADL,SYD,2015,11,159721,1169.0,83.5,1167.0,159721.0,ADL-SYD
ADL,SYD,2015,12,167517,1277.0,80.8,1167.0,167517.0,ADL-SYD
ADL,SYD,2016,1,162446,1246.0,77.5,1167.0,162446.0,ADL-SYD
ADL,SYD,2016,2,145720,1161.0,76.8,1167.0,145720.0,ADL-SYD
ADL,SYD,2016,3,168447,1250.0,81.7,1167.0,168447.0,ADL-SYD
ADL,SYD,2016,4,160265,1166.0,84.8,1167.0,160265.0,ADL-SYD
ADL,SYD,2016,5,147809,1113.0,81.8,1167.0,147809.0,ADL-SYD
ADL,SYD,2016,6,134753,1052.0,79.0,1167.0,134753.0,ADL-SYD
ADL,SYD,2016,7,153728,1152.0,81.3,1167.0,153728.0,ADL-SYD
ADL,SYD,2016,8,146973,1142.0,77.6,1167.0,146973.0,ADL-SYD
ADL,SYD,2016,9,154997,1163.0,80.2,1167.0,154997.0,ADL-SYD
ADL,SYD,2016,10,165542,1190.0,84.1,1167.0,165542.0,ADL-SYD
ADL,SYD,2016,11,165458,1209.0,83.1,1167.0,165458.0,ADL-SYD
ADL,SYD,2016,12,165852,1270.0,81.4,1167.0,165852.0,ADL-SYD
ADL,SYD,2017,1,164884,1195.0,82.9,1167.0,164884.0,ADL-SYD
ADL,SYD,2017,2,144427,1104.0,78.6,1167.0,144427.0,ADL-SYD
ADL,SYD,2017,3,171647,1247.0,82.9,1167.0,171647.0,ADL-SYD
ADL,SYD,2017,4,159593,1163.0,82.2,1167.0,159593.0,ADL-SYD
ADL,SYD,2017,5,152101,1126.0,81.8,1167.0,152101.0,ADL-SYD
ADL,SYD,2017,6,141263,1075.0,79.2,1167.0,141263.0,ADL-SYD
ADL,SYD,2017,7,158417,1187.0,80.7,1167.0,158417.0,ADL-SYD
ADL,SYD,2017,8,146898,1133.0,79.7,1167.0,146898.0,ADL-SYD
ADL,SYD,2017,9,151193,1127.0,80.6,1167.0,151193.0,ADL-SYD
ADL,SYD,2017,10,170557,1179.0,86.1,1167.0,170557.0,ADL-SYD
ADL,SYD,2017,11,166975,1183.0,84.2,1167.0,166975.0,ADL-SYD
ADL,SYD,2017,12,170313,1212.0,83.9,1167.0,170313.0,ADL-SYD
ADL,SYD,2018,1,161998,1211.0,79.5,1167.0,161998.0,ADL-SYD
ADL,SYD,2018,2,146223,1086.0,80.8,1167.0,146223.0,ADL-SYD
ADL,SYD,2018,3,172790,1224.0,84.1,1167.0,172790.0,ADL-SYD
ADL,SYD,2018,4,170319,1173.0,86.2,1167.0,170319.0,ADL-SYD
ADL,SYD,2018,5,151396,1110.0,82.2,1167.0,151396.0,ADL-SYD
ADL,SYD,2018,6,141618,1052.0,80.7,1167.0,141618.0,ADL-SYD
ADL,SYD,2018,7,161773,1192.0,80.9,1167.0,161773.0,ADL-SYD
ADL,SYD,2018,8,148639,1120.0,79.4,1167.0,148639.0,ADL-SYD
ADL,SYD,2018,9,151273,1146.0,80.8,1167.0,151273.0,ADL-SYD
ADL,SYD,2018,10,171464,1265.0,83.6,1167.0,171464.0,ADL-SYD
ADL,SYD,2018,11,166182,1149.0,88.7,1167.0,166182.0,ADL-SYD
ADL,SYD,2018,12,162980,1149.0,85.5,1167.0,162980.0,ADL-SYD
ADL,SYD,2019,1,158122,1162.0,80.9,1167.0,158122.0,ADL-SYD
ADL,SYD,2019,2,142286,1057.0,81.0,1167.0,142286.0,ADL-SYD
ADL,SYD,2019,3,166592,1192.0,84.7,1167.0,166592.0,ADL-SYD
ADL,SYD,2019,4,163623,1119.0,84.8,1167.0,163623.0,ADL-SYD
ADL,SYD,2019,5,146791,1078.0,80.4,1167.0,146791.0,ADL-SYD
ADL,SYD,2019,6,137571,1027.0,78.5,1167.0,137571.0,ADL-SYD
ADL,SYD,2019,7,158892,1123.0,82.8,1167.0,158892.0,ADL-SYD
ADL,SYD,2019,8,149036,1020.0,86.1,1167.0,149036.0,ADL-SYD
ADL,SYD,2019,9,152863,1063.0,84.5,1167.0,152863.0,ADL-SYD
ADL,SYD,2019,10,176119,1156.0,89.4,1167.0,176119.0,ADL-SYD
ADL,SYD,2019,11,165849,1105.0,87.7,1167.0,165849.0,ADL-SYD
ADL,SYD,2019,12,160997,1114.0,84.6,1167.0,160997.0,ADL-SYD
ADL,SYD,2020,1,151785,1096.0,81.4,1167.0,151785.0,ADL-SYD
ADL,SYD,2020,2,138027,1022.0,79.5,1167.0,138027.0,ADL-SYD
ADL,SYD,2020,3,99202,902.0,65.3,1167.0,99202.0,ADL-SYD
ADL,SYD,2020,4,2687,116.0,20.8,1167.0,2687.0,ADL-SYD
ADL,SYD,2020,7,9282,134.0,62.9,1167.0,9282.0,ADL-SYD
ADL,SYD,2020,8,5082,130.0,37.8,1167.0,5082.0,ADL-SYD
ADL,SYD,2020,9,10315,150.0,59.1,1167.0,10315.0,ADL-SYD
ADL,SYD,2020,10,56685,414.0,83.9,1167.0,56685.0,ADL-SYD
ADL,SYD,2020,11,54523,517.0,66.4,1167.0,54523.0,ADL-SYD
ADL,SYD,2020,12,49294,538.0,59.9,1167.0,49294.0,ADL-SYD
ADL,SYD,2021,1,9051,196.0,33.2,1167.0,9051.0,ADL-SYD
ADL,SYD,2021,2,40985,366.0,72.8,1167.0,40985.0,ADL-SYD
ADL,SYD,2021,3,85819,798.0,65.2,1167.0,85819.0,ADL-SYD
ADL,SYD,2021,4,117098,851.0,79.0,1167.0,117098.0,ADL-SYD
ADL,SYD,2021,5,98413,846.0,68.3,1167.0,98413.0,ADL-SYD
ADL,SYD,2021,6,80197,721.0,65.7,1167.0,80197.0,ADL-SYD
ADL,SYD,2021,7,2604,172.0,11.9,1167.0,2604.0,ADL-SYD
ADL,SYD,2021,8,1276,134.0,9.1,1167.0,1276.0,ADL-SYD
ADL,SYD,2021,9,1227,132.0,9.1,1167.0,1227.0,ADL-SYD
ADL,SYD,2021,10,1864,125.0,13.4,1167.0,1864.0,ADL-SYD
ADL,SYD,2021,11,17835,274.0,53.6,1167.0,17835.0,ADL-SYD
ADL,SYD,2021,12,68335,783.0,54.4,1167.0,68335.0,ADL-SYD
ADL,SYD,2022,1,60372,630.0,57.3,1167.0,60372.0,ADL-SYD
ADL,SYD,2022,2,68436,594.0,70.3,1167.0,68436.0,ADL-SYD
ADL,SYD,2022,3,109126,852.0,77.3,1167.0,109126.0,ADL-SYD
ADL,SYD,2022,4,133329,949.0,82.8,1167.0,133329.0,ADL-SYD
ADL,SYD,2022,5,128146,1016.0,77.1,1167.0,128146.0,ADL-SYD
ADL,SYD,2022,6,120919,935.0,79.4,1167.0,120919.0,ADL-SYD
ADL,SYD,2022,7,127694,896.0,87.7,1167.0,127694.0,ADL-SYD
ADL,SYD,2022,8,119001,899.0,82.2,1167.0,119001.0,ADL-SYD
ADL,SYD,2022,9,124345,843.0,91.1,1167.0,124345.0,ADL-SYD
ADL,SYD,2022,10,143334,955.0,91.1,1167.0,143334.0,ADL-SYD
ADL,SYD,2022,11,139426,958.0,91.0,1167.0,139426.0,ADL-SYD
ADL,SYD,2022,12,136487,1001.0,85.2,1167.0,136487.0,ADL-SYD
ADL,SYD,2023,1,128467,948.0,82.2,1167.0,128467.0,ADL-SYD
ADL,SYD,2023,2,119953,899.0,81.4,1167.0,119953.0,ADL-SYD
ADL,SYD,2023,3,150982,1025.0,89.2,1167.0,150982.0,ADL-SYD
ADL,SYD,2023,4,142187,1029.0,82.6,1167.0,142187.0,ADL-SYD
ADL,SYD,2023,5,142860,1128.0,77.4,1167.0,142860.0,ADL-SYD
ADL,SYD,2023,6,130093,1046.0,75.5,1167.0,130093.0,ADL-SYD
ADL,SYD,2023,7,147957,1104.0,80.9,1167.0,147957.0,ADL-SYD
ADL,SYD,2023,8,143836,1113.0,78.7,1167.0,143836.0,ADL-SYD
ADL,SYD,2023,9,152323,1130.0,81.2,1167.0,152323.0,ADL-SYD
ADL,SYD,2023,10,168612,1178.0,86.8,1167.0,168612.0,ADL-SYD
ADL,SYD,2023,11,159601,1144.0,87.6,1167.0,159601.0,ADL-SYD
ADL,SYD,2023,12,156360,1213.0,83.5,1167.0,156360.0,ADL-SYD
ADL,SYD,2024,1,157687,1218.0,78.3,1167.0,157687.0,ADL-SYD
ADL,SYD,2024,2,146227,1063.0,84.7,1167.0,146227.0,ADL-SYD
ADL,SYD,2024,3,161360,1174.0,83.2,1167.0,161360.0,ADL-SYD
ADL,SYD,2024,4,170427,1234.0,80.7,1167.0,170427.0,ADL-SYD
ADL,SYD,2024,5,144633,1255.0,68.9,1167.0,144633.0,ADL-SYD
ADL,SYD,2024,6,135005,1158.0,68.8,1167.0,135005.0,ADL-SYD
ADL,SYD,2024,7,153443,1207.0,75.8,1167.0,153443.0,ADL-SYD
ADL,SYD,2024,8,144417,1116.0,77.3,1167.0,144417.0,ADL-SYD
ADL,SYD,2024,9,155077,1126.0,81.2,1167.0,155077.0,ADL-SYD
ADL,SYD,2024,10,179288,1182.0,89.3,1167.0,179288.0,ADL-SYD
ADL,SYD,2024,11,168468,1100.0,91.3,1167.0,168468.0,ADL-SYD
ADL,SYD,2024,12,167764,1183.0,85.3,1167.0,167764.0,ADL-SYD
ADL,SYD,2025,1,157995,1081.0,84.7,1167.0,157995.0,ADL-SYD
ADL,SYD,2025,2,140726,1001.0,83.3,1167.0,140726.0,ADL-SYD
ADL,SYD,2025,3,166554,1123.0,87.1,1167.0,166554.0,ADL-SYD
ADL,SYD,2025,4,170862,1184.0,82.7,1167.0,170862.0,ADL-SYD
ADL,SYD,2025,5,147206,1099.0,78.9,1167.0,147206.0,ADL-SYD
ADL,SYD,2025,6,138267,1061.0,75.6,1167.0,138267.0,ADL-SYD
ADL,SYD,2025,7,159221,1185.0,78.2,1167.0,159221.0,ADL-SYD
ADL,SYD,2025,8,145720,1123.0,76.0,1167.0,145720.0,ADL-SYD
ADL,SYD,2025,9,152506,1148.0,77.7,1167.0,152506.0,ADL-SYD
ADL,SYD,2025,10,178703,1188.0,86.5,1167.0,178703.0,ADL-SYD
ADL,SYD,2025,11,171128,1145.0,86.5,1167.0,171128.0,ADL-SYD
ADL,SYD,2025,12,175970,1255.0,82.6,1167.0,175970.0,ADL-SYD
ADL,SYD,2026,1,157838,1153.0,79.0,1167.0,157838.0,ADL-SYD
ADL,SYD,2026,2,137951,1005.0,79.9,1167.0,137951.0,ADL-SYD
ADL,SYD,2026,3,166475,1151.0,84.8,1167.0,166475.0,ADL-SYD
BNE,MEL,2014,7,295385,2157.0,81.9,1381.0,295385.0,BNE-MEL
BNE,MEL,2014,8,277998,2094.0,79.7,1381.0,277998.0,BNE-MEL
BNE,MEL,2014,9,281565,2061.0,81.6,1381.0,281565.0,BNE-MEL
BNE,MEL,2014,10,312669,2256.0,82.7,1381.0,312669.0,BNE-MEL
BNE,MEL,2014,11,283597,2118.0,80.2,1381.0,283597.0,BNE-MEL
BNE,MEL,2014,12,295935,2243.0,78.9,1381.0,295935.0,BNE-MEL
BNE,MEL,2015,1,270623,2167.0,74.3,1381.0,270623.0,BNE-MEL
BNE,MEL,2015,2,235175,1919.0,74.3,1381.0,235175.0,BNE-MEL
BNE,MEL,2015,3,281811,2204.0,77.2,1381.0,281811.0,BNE-MEL
BNE,MEL,2015,4,273919,2178.0,75.5,1381.0,273919.0,BNE-MEL
BNE,MEL,2015,5,252533,2123.0,72.7,1381.0,252533.0,BNE-MEL
BNE,MEL,2015,6,258853,2134.0,73.3,1381.0,258853.0,BNE-MEL
BNE,MEL,2015,7,307903,2288.0,81.0,1381.0,307903.0,BNE-MEL
BNE,MEL,2015,8,270706,2179.0,75.2,1381.0,270706.0,BNE-MEL
BNE,MEL,2015,9,294709,2218.0,79.7,1381.0,294709.0,BNE-MEL
BNE,MEL,2015,10,310153,2249.0,82.7,1381.0,310153.0,BNE-MEL
BNE,MEL,2015,11,293339,2174.0,81.0,1381.0,293339.0,BNE-MEL
BNE,MEL,2015,12,304032,2267.0,80.6,1381.0,304032.0,BNE-MEL
BNE,MEL,2016,1,285370,2203.0,77.5,1381.0,285370.0,BNE-MEL
BNE,MEL,2016,2,253989,2009.0,76.2,1381.0,253989.0,BNE-MEL
BNE,MEL,2016,3,294255,2188.0,80.3,1381.0,294255.0,BNE-MEL
BNE,MEL,2016,4,275908,2143.0,77.4,1381.0,275908.0,BNE-MEL
BNE,MEL,2016,5,271424,2049.0,79.5,1381.0,271424.0,BNE-MEL
BNE,MEL,2016,6,276902,2040.0,81.6,1381.0,276902.0,BNE-MEL
BNE,MEL,2016,7,313683,2267.0,82.4,1381.0,313683.0,BNE-MEL
BNE,MEL,2016,8,287653,2151.0,79.4,1381.0,287653.0,BNE-MEL
BNE,MEL,2016,9,311849,2235.0,83.4,1381.0,311849.0,BNE-MEL
BNE,MEL,2016,10,309189,2232.0,82.5,1381.0,309189.0,BNE-MEL
BNE,MEL,2016,11,301438,2158.0,82.1,1381.0,301438.0,BNE-MEL
BNE,MEL,2016,12,311579,2258.0,82.4,1381.0,311579.0,BNE-MEL
BNE,MEL,2017,1,293092,2192.0,78.5,1381.0,293092.0,BNE-MEL
BNE,MEL,2017,2,240455,1889.0,75.2,1381.0,240455.0,BNE-MEL
BNE,MEL,2017,3,288883,2161.0,78.2,1381.0,288883.0,BNE-MEL
BNE,MEL,2017,4,291176,2128.0,80.4,1381.0,291176.0,BNE-MEL
BNE,MEL,2017,5,271962,2032.0,79.2,1381.0,271962.0,BNE-MEL
BNE,MEL,2017,6,279450,2054.0,80.0,1381.0,279450.0,BNE-MEL
BNE,MEL,2017,7,324721,2246.0,84.8,1381.0,324721.0,BNE-MEL
BNE,MEL,2017,8,298157,2234.0,81.2,1381.0,298157.0,BNE-MEL
BNE,MEL,2017,9,307122,2207.0,82.1,1381.0,307122.0,BNE-MEL
BNE,MEL,2017,10,328434,2259.0,85.5,1381.0,328434.0,BNE-MEL
BNE,MEL,2017,11,308588,2181.0,83.9,1381.0,308588.0,BNE-MEL
BNE,MEL,2017,12,309031,2223.0,82.6,1381.0,309031.0,BNE-MEL
BNE,MEL,2018,1,291254,2149.0,79.8,1381.0,291254.0,BNE-MEL
BNE,MEL,2018,2,249485,1942.0,76.2,1381.0,249485.0,BNE-MEL
BNE,MEL,2018,3,296549,2173.0,80.1,1381.0,296549.0,BNE-MEL
BNE,MEL,2018,4,284525,2138.0,77.2,1381.0,284525.0,BNE-MEL
BNE,MEL,2018,5,277345,2048.0,79.4,1381.0,277345.0,BNE-MEL
BNE,MEL,2018,6,281817,2004.0,82.1,1381.0,281817.0,BNE-MEL
BNE,MEL,2018,7,336225,2236.0,87.1,1381.0,336225.0,BNE-MEL
BNE,MEL,2018,8,299829,2087.0,83.6,1381.0,299829.0,BNE-MEL
BNE,MEL,2018,9,303208,2108.0,84.8,1381.0,303208.0,BNE-MEL
BNE,MEL,2018,10,331030,2289.0,85.6,1381.0,331030.0,BNE-MEL
BNE,MEL,2018,11,315431,2134.0,88.0,1381.0,315431.0,BNE-MEL
BNE,MEL,2018,12,302663,2193.0,82.2,1381.0,302663.0,BNE-MEL
BNE,MEL,2019,1,296590,2216.0,80.9,1381.0,296590.0,BNE-MEL
BNE,MEL,2019,2,255981,1956.0,78.6,1381.0,255981.0,BNE-MEL
BNE,MEL,2019,3,295315,2133.0,81.2,1381.0,295315.0,BNE-MEL
BNE,MEL,2019,4,307006,2137.0,82.8,1381.0,307006.0,BNE-MEL
BNE,MEL,2019,5,276350,2017.0,80.8,1381.0,276350.0,BNE-MEL
BNE,MEL,2019,6,275212,1991.0,81.4,1381.0,275212.0,BNE-MEL
BNE,MEL,2019,7,330830,2259.0,85.4,1381.0,330830.0,BNE-MEL
BNE,MEL,2019,8,306282,2108.0,85.4,1381.0,306282.0,BNE-MEL
BNE,MEL,2019,9,312075,2111.0,86.6,1381.0,312075.0,BNE-MEL
BNE,MEL,2019,10,331472,2211.0,87.4,1381.0,331472.0,BNE-MEL
BNE,MEL,2019,11,306718,2077.0,86.7,1381.0,306718.0,BNE-MEL
BNE,MEL,2019,12,314850,2205.0,85.8,1381.0,314850.0,BNE-MEL
BNE,MEL,2020,1,308815,2132.0,85.7,1381.0,308815.0,BNE-MEL
BNE,MEL,2020,2,239671,1891.0,76.1,1381.0,239671.0,BNE-MEL
BNE,MEL,2020,3,168894,1663.0,61.6,1381.0,168894.0,BNE-MEL
BNE,MEL,2020,4,8637,257.0,36.5,1381.0,8637.0,BNE-MEL
BNE,MEL,2020,5,16128,267.0,55.5,1381.0,16128.0,BNE-MEL
BNE,MEL,2020,6,27098,355.0,60.8,1381.0,27098.0,BNE-MEL
BNE,MEL,2020,7,6580,232.0,36.8,1381.0,6580.0,BNE-MEL
BNE,MEL,2020,8,3677,138.0,37.8,1381.0,3677.0,BNE-MEL
BNE,MEL,2020,9,4401,182.0,50.9,1381.0,4401.0,BNE-MEL
BNE,MEL,2020,10,6050,174.0,57.8,1381.0,6050.0,BNE-MEL
BNE,MEL,2020,11,6220,220.0,38.5,1381.0,6220.0,BNE-MEL
BNE,MEL,2020,12,132589,1138.0,78.2,1381.0,132589.0,BNE-MEL
BNE,MEL,2021,1,95958,972.0,61.6,1381.0,95958.0,BNE-MEL
BNE,MEL,2021,2,47297,622.0,53.3,1381.0,47297.0,BNE-MEL
BNE,MEL,2021,3,131340,1096.0,72.9,1381.0,131340.0,BNE-MEL
BNE,MEL,2021,4,136052,1268.0,65.9,1381.0,136052.0,BNE-MEL
BNE,MEL,2021,5,159588,1456.0,67.5,1381.0,159588.0,BNE-MEL
BNE,MEL,2021,6,42825,698.0,42.6,1381.0,42825.0,BNE-MEL
BNE,MEL,2021,7,45294,712.0,44.1,1381.0,45294.0,BNE-MEL
BNE,MEL,2021,8,6122,251.0,29.4,1381.0,6122.0,BNE-MEL
BNE,MEL,2021,9,4268,216.0,31.3,1381.0,4268.0,BNE-MEL
BNE,MEL,2021,10,4253,211.0,29.3,1381.0,4253.0,BNE-MEL
BNE,MEL,2021,11,6422,240.0,41.3,1381.0,6422.0,BNE-MEL
BNE,MEL,2021,12,108020,1233.0,59.2,1381.0,108020.0,BNE-MEL
BNE,MEL,2022,1,156765,1495.0,63.2,1381.0,156765.0,BNE-MEL
BNE,MEL,2022,2,144672,1228.0,72.2,1381.0,144672.0,BNE-MEL
BNE,MEL,2022,3,207655,1704.0,73.8,1381.0,207655.0,BNE-MEL
BNE,MEL,2022,4,272186,2026.0,80.7,1381.0,272186.0,BNE-MEL
BNE,MEL,2022,5,226859,1841.0,76.3,1381.0,226859.0,BNE-MEL
BNE,MEL,2022,6,247280,1769.0,85.1,1381.0,247280.0,BNE-MEL
BNE,MEL,2022,7,265143,1719.0,92.0,1381.0,265143.0,BNE-MEL
BNE,MEL,2022,8,244932,1757.0,86.4,1381.0,244932.0,BNE-MEL
BNE,MEL,2022,9,256263,1748.0,90.6,1381.0,256263.0,BNE-MEL
BNE,MEL,2022,10,273035,1867.0,89.1,1381.0,273035.0,BNE-MEL
BNE,MEL,2022,11,260802,1839.0,88.6,1381.0,260802.0,BNE-MEL
BNE,MEL,2022,12,250883,1889.0,82.1,1381.0,250883.0,BNE-MEL
BNE,MEL,2023,1,255557,1977.0,77.8,1381.0,255557.0,BNE-MEL
BNE,MEL,2023,2,229893,1785.0,77.6,1381.0,229893.0,BNE-MEL
BNE,MEL,2023,3,281636,2059.0,82.8,1381.0,281636.0,BNE-MEL
BNE,MEL,2023,4,274599,2044.0,80.4,1381.0,274599.0,BNE-MEL
BNE,MEL,2023,5,262427,2137.0,75.1,1381.0,262427.0,BNE-MEL
BNE,MEL,2023,6,269160,2043.0,79.9,1381.0,269160.0,BNE-MEL
BNE,MEL,2023,7,289189,2025.0,87.0,1381.0,289189.0,BNE-MEL
BNE,MEL,2023,8,279572,2082.0,82.3,1381.0,279572.0,BNE-MEL
BNE,MEL,2023,9,300430,2122.0,85.5,1381.0,300430.0,BNE-MEL
BNE,MEL,2023,10,301115,2116.0,85.8,1381.0,301115.0,BNE-MEL
BNE,MEL,2023,11,289819,1990.0,88.3,1381.0,289819.0,BNE-MEL
BNE,MEL,2023,12,278450,1975.0,85.8,1381.0,278450.0,BNE-MEL
BNE,MEL,2024,1,265255,2045.0,75.9,1381.0,265255.0,BNE-MEL
BNE,MEL,2024,2,259720,1906.0,81.2,1381.0,259720.0,BNE-MEL
BNE,MEL,2024,3,284344,2044.0,81.9,1381.0,284344.0,BNE-MEL
BNE,MEL,2024,4,277327,2205.0,75.2,1381.0,277327.0,BNE-MEL
BNE,MEL,2024,5,278852,2153.0,78.9,1381.0,278852.0,BNE-MEL
BNE,MEL,2024,6,285859,2064.0,82.7,1381.0,285859.0,BNE-MEL
BNE,MEL,2024,7,307664,2191.0,84.5,1381.0,307664.0,BNE-MEL
BNE,MEL,2024,8,297655,1966.0,90.2,1381.0,297655.0,BNE-MEL
BNE,MEL,2024,9,314912,2151.0,87.5,1381.0,314912.0,BNE-MEL
BNE,MEL,2024,10,322143,2173.0,89.7,1381.0,322143.0,BNE-MEL
BNE,MEL,2024,11,307230,2020.0,90.7,1381.0,307230.0,BNE-MEL
BNE,MEL,2024,12,298302,2047.0,87.6,1381.0,298302.0,BNE-MEL
BNE,MEL,2025,1,306173,2104.0,86.4,1381.0,306173.0,BNE-MEL
BNE,MEL,2025,2,253236,1818.0,84.9,1381.0,253236.0,BNE-MEL
BNE,MEL,2025,3,267447,1938.0,82.8,1381.0,267447.0,BNE-MEL
BNE,MEL,2025,4,311528,2196.0,84.8,1381.0,311528.0,BNE-MEL
BNE,MEL,2025,5,287683,2140.0,82.2,1381.0,287683.0,BNE-MEL
BNE,MEL,2025,6,279122,2080.0,81.9,1381.0,279122.0,BNE-MEL
BNE,MEL,2025,7,326556,2344.0,85.5,1381.0,326556.0,BNE-MEL
BNE,MEL,2025,8,307289,2136.0,87.7,1381.0,307289.0,BNE-MEL
BNE,MEL,2025,9,317940,2321.0,83.2,1381.0,317940.0,BNE-MEL
BNE,MEL,2025,10,336391,2303.0,87.4,1381.0,336391.0,BNE-MEL
BNE,MEL,2025,11,319138,2244.0,86.1,1381.0,319138.0,BNE-MEL
BNE,MEL,2025,12,333591,2384.0,85.0,1381.0,333591.0,BNE-MEL
BNE,MEL,2026,1,316962,2294.0,83.7,1381.0,316962.0,BNE-MEL
BNE,MEL,2026,2,254370,1931.0,79.9,1381.0,254370.0,BNE-MEL
BNE,MEL,2026,3,307524,2263.0,81.6,1381.0,307524.0,BNE-MEL
BNE,SYD,2014,7,392508,2921.0,79.8,753.0,392508.0,BNE-SYD
BNE,SYD,2014,8,384762,2889.0,79.4,753.0,384762.0,BNE-SYD
BNE,SYD,2014,9,375136,2840.0,79.9,753.0,375136.0,BNE-SYD
BNE,SYD,2014,10,404502,2892.0,84.5,753.0,404502.0,BNE-SYD
BNE,SYD,2014,11,365100,2681.0,84.6,753.0,365100.0,BNE-SYD
BNE,SYD,2014,12,381546,2824.0,84.4,753.0,381546.0,BNE-SYD
BNE,SYD,2015,1,337340,2764.0,76.4,753.0,337340.0,BNE-SYD
BNE,SYD,2015,2,326371,2586.0,79.9,753.0,326371.0,BNE-SYD
BNE,SYD,2015,3,372575,2879.0,81.8,753.0,372575.0,BNE-SYD
BNE,SYD,2015,4,362935,2898.0,79.3,753.0,362935.0,BNE-SYD
BNE,SYD,2015,5,356316,2938.0,77.3,753.0,356316.0,BNE-SYD
BNE,SYD,2015,6,348947,2939.0,75.5,753.0,348947.0,BNE-SYD
BNE,SYD,2015,7,406136,3119.0,83.0,753.0,406136.0,BNE-SYD
BNE,SYD,2015,8,380346,3096.0,78.8,753.0,380346.0,BNE-SYD
BNE,SYD,2015,9,390503,3073.0,81.6,753.0,390503.0,BNE-SYD
BNE,SYD,2015,10,401872,3035.0,82.8,753.0,401872.0,BNE-SYD
BNE,SYD,2015,11,391143,3036.0,80.2,753.0,391143.0,BNE-SYD
BNE,SYD,2015,12,401446,3052.0,81.7,753.0,401446.0,BNE-SYD
BNE,SYD,2016,1,361990,2859.0,77.9,753.0,361990.0,BNE-SYD
BNE,SYD,2016,2,351922,2782.0,79.5,753.0,351922.0,BNE-SYD
BNE,SYD,2016,3,390934,3039.0,79.8,753.0,390934.0,BNE-SYD
BNE,SYD,2016,4,385867,2892.0,82.7,753.0,385867.0,BNE-SYD
BNE,SYD,2016,5,374209,2888.0,81.9,753.0,374209.0,BNE-SYD
BNE,SYD,2016,6,371664,2785.0,83.4,753.0,371664.0,BNE-SYD
BNE,SYD,2016,7,420104,3056.0,84.5,753.0,420104.0,BNE-SYD
BNE,SYD,2016,8,391157,3040.0,80.2,753.0,391157.0,BNE-SYD
BNE,SYD,2016,9,403375,3047.0,81.8,753.0,403375.0,BNE-SYD
BNE,SYD,2016,10,403993,2986.0,83.1,753.0,403993.0,BNE-SYD
BNE,SYD,2016,11,396198,2992.0,81.9,753.0,396198.0,BNE-SYD
BNE,SYD,2016,12,406716,3030.0,82.8,753.0,406716.0,BNE-SYD
BNE,SYD,2017,1,372217,2936.0,77.8,753.0,372217.0,BNE-SYD
BNE,SYD,2017,2,349746,2759.0,78.8,753.0,349746.0,BNE-SYD
BNE,SYD,2017,3,399571,3014.0,82.1,753.0,399571.0,BNE-SYD
BNE,SYD,2017,4,384014,2883.0,81.9,753.0,384014.0,BNE-SYD
BNE,SYD,2017,5,386260,2939.0,81.4,753.0,386260.0,BNE-SYD
BNE,SYD,2017,6,382389,2826.0,83.3,753.0,382389.0,BNE-SYD
BNE,SYD,2017,7,424563,3053.0,85.5,753.0,424563.0,BNE-SYD
BNE,SYD,2017,8,398640,3031.0,81.0,753.0,398640.0,BNE-SYD
BNE,SYD,2017,9,403898,2965.0,84.2,753.0,403898.0,BNE-SYD
BNE,SYD,2017,10,419015,3042.0,84.4,753.0,419015.0,BNE-SYD
BNE,SYD,2017,11,413987,3009.0,84.3,753.0,413987.0,BNE-SYD
BNE,SYD,2017,12,411956,2944.0,85.4,753.0,411956.0,BNE-SYD
BNE,SYD,2018,1,364590,2812.0,78.7,753.0,364590.0,BNE-SYD
BNE,SYD,2018,2,365243,2711.0,82.1,753.0,365243.0,BNE-SYD
BNE,SYD,2018,3,415257,3030.0,82.9,753.0,415257.0,BNE-SYD
BNE,SYD,2018,4,389543,2880.0,81.0,753.0,389543.0,BNE-SYD
BNE,SYD,2018,5,397312,2952.0,81.5,753.0,397312.0,BNE-SYD
BNE,SYD,2018,6,383912,2768.0,83.6,753.0,383912.0,BNE-SYD
BNE,SYD,2018,7,435197,3081.0,85.8,753.0,435197.0,BNE-SYD
BNE,SYD,2018,8,416496,3011.0,84.2,753.0,416496.0,BNE-SYD
BNE,SYD,2018,9,397239,2887.0,83.0,753.0,397239.0,BNE-SYD
BNE,SYD,2018,10,430052,3028.0,85.5,753.0,430052.0,BNE-SYD
BNE,SYD,2018,11,423397,2996.0,87.5,753.0,423397.0,BNE-SYD
BNE,SYD,2018,12,407240,2873.0,86.7,753.0,407240.0,BNE-SYD
BNE,SYD,2019,1,373527,2749.0,83.0,753.0,373527.0,BNE-SYD
BNE,SYD,2019,2,353301,2717.0,80.7,753.0,353301.0,BNE-SYD
BNE,SYD,2019,3,404452,3008.0,82.3,753.0,404452.0,BNE-SYD
BNE,SYD,2019,4,397001,2965.0,81.3,753.0,397001.0,BNE-SYD
BNE,SYD,2019,5,396519,3074.0,79.4,753.0,396519.0,BNE-SYD
BNE,SYD,2019,6,380079,2834.0,80.9,753.0,380079.0,BNE-SYD
BNE,SYD,2019,7,431064,3163.0,82.6,753.0,431064.0,BNE-SYD
BNE,SYD,2019,8,413613,2972.0,84.3,753.0,413613.0,BNE-SYD
BNE,SYD,2019,9,401748,2954.0,82.5,753.0,401748.0,BNE-SYD
BNE,SYD,2019,10,447595,3107.0,87.6,753.0,447595.0,BNE-SYD
BNE,SYD,2019,11,413243,2894.0,86.7,753.0,413243.0,BNE-SYD
BNE,SYD,2019,12,408902,2878.0,86.7,753.0,408902.0,BNE-SYD
BNE,SYD,2020,1,377958,2689.0,86.0,753.0,377958.0,BNE-SYD
BNE,SYD,2020,2,340988,2596.0,79.9,753.0,340988.0,BNE-SYD
BNE,SYD,2020,3,228371,2252.0,63.1,753.0,228371.0,BNE-SYD
BNE,SYD,2020,4,14154,424.0,36.1,753.0,14154.0,BNE-SYD
BNE,SYD,2020,5,18716,353.0,55.4,753.0,18716.0,BNE-SYD
BNE,SYD,2020,6,37009,489.0,70.9,753.0,37009.0,BNE-SYD
BNE,SYD,2020,7,94549,939.0,73.9,753.0,94549.0,BNE-SYD
BNE,SYD,2020,8,18919,421.0,50.0,753.0,18919.0,BNE-SYD
BNE,SYD,2020,9,10864,362.0,41.6,753.0,10864.0,BNE-SYD
BNE,SYD,2020,10,10432,311.0,43.1,753.0,10432.0,BNE-SYD
BNE,SYD,2020,11,26773,471.0,55.7,753.0,26773.0,BNE-SYD
BNE,SYD,2020,12,120935,1301.0,62.9,753.0,120935.0,BNE-SYD
BNE,SYD,2021,1,22343,496.0,37.6,753.0,22343.0,BNE-SYD
BNE,SYD,2021,2,138137,1230.0,74.4,753.0,138137.0,BNE-SYD
BNE,SYD,2021,3,189944,1909.0,63.7,753.0,189944.0,BNE-SYD
BNE,SYD,2021,4,204927,1729.0,73.2,753.0,204927.0,BNE-SYD
BNE,SYD,2021,5,223314,2004.0,68.9,753.0,223314.0,BNE-SYD
BNE,SYD,2021,6,176439,1861.0,58.8,753.0,176439.0,BNE-SYD
BNE,SYD,2021,7,11525,396.0,29.2,753.0,11525.0,BNE-SYD
BNE,SYD,2021,8,5564,317.0,27.2,753.0,5564.0,BNE-SYD
BNE,SYD,2021,9,5126,367.0,25.8,753.0,5126.0,BNE-SYD
BNE,SYD,2021,10,6006,311.0,29.3,753.0,6006.0,BNE-SYD
BNE,SYD,2021,11,11679,354.0,53.8,753.0,11679.0,BNE-SYD
BNE,SYD,2021,12,98227,1290.0,51.9,753.0,98227.0,BNE-SYD
BNE,SYD,2022,1,135674,1471.0,59.3,753.0,135674.0,BNE-SYD
BNE,SYD,2022,2,181915,1523.0,75.9,753.0,181915.0,BNE-SYD
BNE,SYD,2022,3,260602,2216.0,72.9,753.0,260602.0,BNE-SYD
BNE,SYD,2022,4,321881,2468.0,78.4,753.0,321881.0,BNE-SYD
BNE,SYD,2022,5,323284,2779.0,71.2,753.0,323284.0,BNE-SYD
BNE,SYD,2022,6,330843,2571.0,79.5,753.0,330843.0,BNE-SYD
BNE,SYD,2022,7,350667,2521.0,84.9,753.0,350667.0,BNE-SYD
BNE,SYD,2022,8,325645,2512.0,80.1,753.0,325645.0,BNE-SYD
BNE,SYD,2022,9,339791,2387.0,87.4,753.0,339791.0,BNE-SYD
BNE,SYD,2022,10,349059,2457.0,86.6,753.0,349059.0,BNE-SYD
BNE,SYD,2022,11,346035,2536.0,85.9,753.0,346035.0,BNE-SYD
BNE,SYD,2022,12,328879,2486.0,82.5,753.0,328879.0,BNE-SYD
BNE,SYD,2023,1,307720,2407.0,77.6,753.0,307720.0,BNE-SYD
BNE,SYD,2023,2,298719,2430.0,75.5,753.0,298719.0,BNE-SYD
BNE,SYD,2023,3,360823,2777.0,80.3,753.0,360823.0,BNE-SYD
BNE,SYD,2023,4,338903,2599.0,78.5,753.0,338903.0,BNE-SYD
BNE,SYD,2023,5,350551,2830.0,75.9,753.0,350551.0,BNE-SYD
BNE,SYD,2023,6,346867,2705.0,78.5,753.0,346867.0,BNE-SYD
BNE,SYD,2023,7,373540,2779.0,82.4,753.0,373540.0,BNE-SYD
BNE,SYD,2023,8,367592,2838.0,79.8,753.0,367592.0,BNE-SYD
BNE,SYD,2023,9,382006,2766.0,84.4,753.0,382006.0,BNE-SYD
BNE,SYD,2023,10,380511,2776.0,83.4,753.0,380511.0,BNE-SYD
BNE,SYD,2023,11,379733,2689.0,87.9,753.0,379733.0,BNE-SYD
BNE,SYD,2023,12,363667,2637.0,87.7,753.0,363667.0,BNE-SYD
BNE,SYD,2024,1,316482,2466.0,79.1,753.0,316482.0,BNE-SYD
BNE,SYD,2024,2,345297,2512.0,84.3,753.0,345297.0,BNE-SYD
BNE,SYD,2024,3,366620,2735.0,81.3,753.0,366620.0,BNE-SYD
BNE,SYD,2024,4,336502,2620.0,77.4,753.0,336502.0,BNE-SYD
BNE,SYD,2024,5,357996,2859.0,76.0,753.0,357996.0,BNE-SYD
BNE,SYD,2024,6,355148,2633.0,80.6,753.0,355148.0,BNE-SYD
BNE,SYD,2024,7,383884,2894.0,80.3,753.0,383884.0,BNE-SYD
BNE,SYD,2024,8,372101,2546.0,88.0,753.0,372101.0,BNE-SYD
BNE,SYD,2024,9,364980,2550.0,86.3,753.0,364980.0,BNE-SYD
BNE,SYD,2024,10,404153,2672.0,91.1,753.0,404153.0,BNE-SYD
BNE,SYD,2024,11,386227,2495.0,93.8,753.0,386227.0,BNE-SYD
BNE,SYD,2024,12,368935,2462.0,89.5,753.0,368935.0,BNE-SYD
BNE,SYD,2025,1,334039,2290.0,87.5,753.0,334039.0,BNE-SYD
BNE,SYD,2025,2,335217,2309.0,87.9,753.0,335217.0,BNE-SYD
BNE,SYD,2025,3,330493,2351.0,84.1,753.0,330493.0,BNE-SYD
BNE,SYD,2025,4,370384,2557.0,85.1,753.0,370384.0,BNE-SYD
BNE,SYD,2025,5,364227,2596.0,84.5,753.0,364227.0,BNE-SYD
BNE,SYD,2025,6,344138,2495.0,81.6,753.0,344138.0,BNE-SYD
BNE,SYD,2025,7,388848,2642.0,87.6,753.0,388848.0,BNE-SYD
BNE,SYD,2025,8,368812,2511.0,86.9,753.0,368812.0,BNE-SYD
BNE,SYD,2025,9,359996,2612.0,82.3,753.0,359996.0,BNE-SYD
BNE,SYD,2025,10,415611,2779.0,87.6,753.0,415611.0,BNE-SYD
BNE,SYD,2025,11,388542,2629.0,88.4,753.0,388542.0,BNE-SYD
BNE,SYD,2025,12,382656,2588.0,88.0,753.0,382656.0,BNE-SYD
BNE,SYD,2026,1,338822,2428.0,82.8,753.0,338822.0,BNE-SYD
BNE,SYD,2026,2,323786,2301.0,84.5,753.0,323786.0,BNE-SYD
BNE,SYD,2026,3,375834,2614.0,86.1,753.0,375834.0,BNE-SYD
HBA,MEL,2014,7,112577,952.0,74.8,618.0,112577.0,HBA-MEL
HBA,MEL,2014,8,108258,940.0,73.7,618.0,108258.0,HBA-MEL
HBA,MEL,2014,9,103896,909.0,73.1,618.0,103896.0,HBA-MEL
HBA,MEL,2014,10,119893,981.0,77.4,618.0,119893.0,HBA-MEL
HBA,MEL,2014,11,124874,944.0,83.7,618.0,124874.0,HBA-MEL
HBA,MEL,2014,12,134784,1078.0,77.0,618.0,134784.0,HBA-MEL
HBA,MEL,2015,1,144984,1145.0,77.5,618.0,144984.0,HBA-MEL
HBA,MEL,2015,2,127625,904.0,88.2,618.0,127625.0,HBA-MEL
HBA,MEL,2015,3,135981,993.0,85.4,618.0,135981.0,HBA-MEL
HBA,MEL,2015,4,121435,932.0,83.3,618.0,121435.0,HBA-MEL
HBA,MEL,2015,5,112815,934.0,78.8,618.0,112815.0,HBA-MEL
HBA,MEL,2015,6,105551,904.0,75.5,618.0,105551.0,HBA-MEL
HBA,MEL,2015,7,116497,962.0,77.2,618.0,116497.0,HBA-MEL
HBA,MEL,2015,8,111342,958.0,75.0,618.0,111342.0,HBA-MEL
HBA,MEL,2015,9,112888,927.0,78.3,618.0,112888.0,HBA-MEL
HBA,MEL,2015,10,127924,1006.0,81.0,618.0,127924.0,HBA-MEL
HBA,MEL,2015,11,131266,995.0,82.8,618.0,131266.0,HBA-MEL
HBA,MEL,2015,12,145019,1105.0,80.4,618.0,145019.0,HBA-MEL
HBA,MEL,2016,1,147819,1133.0,79.7,618.0,147819.0,HBA-MEL
HBA,MEL,2016,2,129564,947.0,85.1,618.0,129564.0,HBA-MEL
HBA,MEL,2016,3,136691,1050.0,81.4,618.0,136691.0,HBA-MEL
HBA,MEL,2016,4,129597,1004.0,82.6,618.0,129597.0,HBA-MEL
HBA,MEL,2016,5,119960,984.0,78.2,618.0,119960.0,HBA-MEL
HBA,MEL,2016,6,117581,976.0,77.4,618.0,117581.0,HBA-MEL
HBA,MEL,2016,7,120157,1029.0,73.7,618.0,120157.0,HBA-MEL
HBA,MEL,2016,8,114038,985.0,73.2,618.0,114038.0,HBA-MEL
HBA,MEL,2016,9,120405,981.0,77.8,618.0,120405.0,HBA-MEL
HBA,MEL,2016,10,131950,1028.0,80.4,618.0,131950.0,HBA-MEL
HBA,MEL,2016,11,133597,1003.0,83.1,618.0,133597.0,HBA-MEL
HBA,MEL,2016,12,154177,1166.0,79.2,618.0,154177.0,HBA-MEL
HBA,MEL,2017,1,161092,1204.0,80.1,618.0,161092.0,HBA-MEL
HBA,MEL,2017,2,136043,991.0,84.6,618.0,136043.0,HBA-MEL
HBA,MEL,2017,3,144215,1086.0,81.4,618.0,144215.0,HBA-MEL
HBA,MEL,2017,4,140251,1013.0,85.7,618.0,140251.0,HBA-MEL
HBA,MEL,2017,5,121835,936.0,80.2,618.0,121835.0,HBA-MEL
HBA,MEL,2017,6,120919,955.0,78.3,618.0,120919.0,HBA-MEL
HBA,MEL,2017,7,131984,990.0,82.1,618.0,131984.0,HBA-MEL
HBA,MEL,2017,8,116983,931.0,77.8,618.0,116983.0,HBA-MEL
HBA,MEL,2017,9,121796,932.0,81.5,618.0,121796.0,HBA-MEL
HBA,MEL,2017,10,137141,976.0,86.9,618.0,137141.0,HBA-MEL
HBA,MEL,2017,11,141644,979.0,86.3,618.0,141644.0,HBA-MEL
HBA,MEL,2017,12,156356,1168.0,78.6,618.0,156356.0,HBA-MEL
HBA,MEL,2018,1,159314,1196.0,77.9,618.0,159314.0,HBA-MEL
HBA,MEL,2018,2,139288,990.0,81.7,618.0,139288.0,HBA-MEL
HBA,MEL,2018,3,156474,1082.0,82.9,618.0,156474.0,HBA-MEL
HBA,MEL,2018,4,142067,961.0,81.6,618.0,142067.0,HBA-MEL
HBA,MEL,2018,5,119081,861.0,76.7,618.0,119081.0,HBA-MEL
HBA,MEL,2018,6,116499,848.0,77.4,618.0,116499.0,HBA-MEL
HBA,MEL,2018,7,132635,925.0,78.9,618.0,132635.0,HBA-MEL
HBA,MEL,2018,8,119638,865.0,76.9,618.0,119638.0,HBA-MEL
HBA,MEL,2018,9,122605,884.0,77.8,618.0,122605.0,HBA-MEL
HBA,MEL,2018,10,141581,980.0,78.9,618.0,141581.0,HBA-MEL
HBA,MEL,2018,11,144503,968.0,81.4,618.0,144503.0,HBA-MEL
HBA,MEL,2018,12,159118,1120.0,77.6,618.0,159118.0,HBA-MEL
HBA,MEL,2019,1,164170,1128.0,79.2,618.0,164170.0,HBA-MEL
HBA,MEL,2019,2,142073,927.0,82.5,618.0,142073.0,HBA-MEL
HBA,MEL,2019,3,150729,1024.0,79.1,618.0,150729.0,HBA-MEL
HBA,MEL,2019,4,140404,937.0,82.1,618.0,140404.0,HBA-MEL
HBA,MEL,2019,5,119933,862.0,77.1,618.0,119933.0,HBA-MEL
HBA,MEL,2019,6,123930,867.0,78.8,618.0,123930.0,HBA-MEL
HBA,MEL,2019,7,132737,924.0,78.6,618.0,132737.0,HBA-MEL
HBA,MEL,2019,8,125053,863.0,80.1,618.0,125053.0,HBA-MEL
HBA,MEL,2019,9,126315,877.0,79.1,618.0,126315.0,HBA-MEL
HBA,MEL,2019,10,142101,939.0,83.0,618.0,142101.0,HBA-MEL
HBA,MEL,2019,11,145555,946.0,83.8,618.0,145555.0,HBA-MEL
HBA,MEL,2019,12,157181,1107.0,78.2,618.0,157181.0,HBA-MEL
HBA,MEL,2020,1,166385,1095.0,83.6,618.0,166385.0,HBA-MEL
HBA,MEL,2020,2,135458,948.0,77.6,618.0,135458.0,HBA-MEL
HBA,MEL,2020,3,90499,772.0,65.3,618.0,90499.0,HBA-MEL
HBA,MEL,2020,12,54520,489.0,64.6,618.0,54520.0,HBA-MEL
HBA,MEL,2021,1,73873,673.0,66.2,618.0,73873.0,HBA-MEL
HBA,MEL,2021,2,37140,393.0,60.9,618.0,37140.0,HBA-MEL
HBA,MEL,2021,3,66634,588.0,70.9,618.0,66634.0,HBA-MEL
HBA,MEL,2021,4,90794,771.0,73.9,618.0,90794.0,HBA-MEL
HBA,MEL,2021,5,69388,644.0,68.4,618.0,69388.0,HBA-MEL
HBA,MEL,2021,6,19600,304.0,40.7,618.0,19600.0,HBA-MEL
HBA,MEL,2021,7,45791,501.0,58.5,618.0,45791.0,HBA-MEL
HBA,MEL,2021,8,6597,142.0,31.0,618.0,6597.0,HBA-MEL
HBA,MEL,2021,9,2197,89.0,14.2,618.0,2197.0,HBA-MEL
HBA,MEL,2021,10,1297,108.0,7.9,618.0,1297.0,HBA-MEL
HBA,MEL,2021,11,1605,98.0,10.3,618.0,1605.0,HBA-MEL
HBA,MEL,2021,12,44360,453.0,59.3,618.0,44360.0,HBA-MEL
HBA,MEL,2022,1,65632,640.0,61.3,618.0,65632.0,HBA-MEL
HBA,MEL,2022,2,61369,492.0,79.5,618.0,61369.0,HBA-MEL
HBA,MEL,2022,3,83167,670.0,78.6,618.0,83167.0,HBA-MEL
HBA,MEL,2022,4,102792,810.0,78.1,618.0,102792.0,HBA-MEL
HBA,MEL,2022,5,91740,757.0,75.8,618.0,91740.0,HBA-MEL
HBA,MEL,2022,6,94521,751.0,77.6,618.0,94521.0,HBA-MEL
HBA,MEL,2022,7,92107,689.0,82.6,618.0,92107.0,HBA-MEL
HBA,MEL,2022,8,88516,659.0,82.5,618.0,88516.0,HBA-MEL
HBA,MEL,2022,9,88038,631.0,86.3,618.0,88038.0,HBA-MEL
HBA,MEL,2022,10,98705,698.0,85.9,618.0,98705.0,HBA-MEL
HBA,MEL,2022,11,106479,784.0,81.9,618.0,106479.0,HBA-MEL
HBA,MEL,2022,12,113341,910.0,72.9,618.0,113341.0,HBA-MEL
HBA,MEL,2023,1,122212,906.0,78.0,618.0,122212.0,HBA-MEL
HBA,MEL,2023,2,104395,735.0,82.2,618.0,104395.0,HBA-MEL
HBA,MEL,2023,3,114233,771.0,86.3,618.0,114233.0,HBA-MEL
HBA,MEL,2023,4,105439,744.0,81.9,618.0,105439.0,HBA-MEL
HBA,MEL,2023,5,100657,737.0,78.7,618.0,100657.0,HBA-MEL
HBA,MEL,2023,6,99495,719.0,79.4,618.0,99495.0,HBA-MEL
HBA,MEL,2023,7,98662,694.0,82.7,618.0,98662.0,HBA-MEL
HBA,MEL,2023,8,97607,696.0,83.4,618.0,97607.0,HBA-MEL
HBA,MEL,2023,9,96766,700.0,83.2,618.0,96766.0,HBA-MEL
HBA,MEL,2023,10,109855,798.0,81.6,618.0,109855.0,HBA-MEL
HBA,MEL,2023,11,114594,785.0,85.1,618.0,114594.0,HBA-MEL
HBA,MEL,2023,12,130844,983.0,77.2,618.0,130844.0,HBA-MEL
HBA,MEL,2024,1,136618,1063.0,72.9,618.0,136618.0,HBA-MEL
HBA,MEL,2024,2,120384,825.0,83.9,618.0,120384.0,HBA-MEL
HBA,MEL,2024,3,124746,872.0,81.2,618.0,124746.0,HBA-MEL
HBA,MEL,2024,4,111931,857.0,81.8,618.0,111931.0,HBA-MEL
HBA,MEL,2024,5,100390,783.0,82.4,618.0,100390.0,HBA-MEL
HBA,MEL,2024,6,94826,761.0,79.5,618.0,94826.0,HBA-MEL
HBA,MEL,2024,7,112358,858.0,80.7,618.0,112358.0,HBA-MEL
HBA,MEL,2024,8,102751,725.0,89.5,618.0,102751.0,HBA-MEL
HBA,MEL,2024,9,104286,713.0,85.2,618.0,104286.0,HBA-MEL
HBA,MEL,2024,10,113885,752.0,86.5,618.0,113885.0,HBA-MEL
HBA,MEL,2024,11,117815,737.0,90.3,618.0,117815.0,HBA-MEL
HBA,MEL,2024,12,133120,867.0,86.8,618.0,133120.0,HBA-MEL
HBA,MEL,2025,1,150853,962.0,86.3,618.0,150853.0,HBA-MEL
HBA,MEL,2025,2,115972,740.0,88.9,618.0,115972.0,HBA-MEL
HBA,MEL,2025,3,126819,819.0,87.9,618.0,126819.0,HBA-MEL
HBA,MEL,2025,4,127298,837.0,88.5,618.0,127298.0,HBA-MEL
HBA,MEL,2025,5,113340,778.0,85.9,618.0,113340.0,HBA-MEL
HBA,MEL,2025,6,104777,717.0,87.6,618.0,104777.0,HBA-MEL
HBA,MEL,2025,7,117574,812.0,85.4,618.0,117574.0,HBA-MEL
HBA,MEL,2025,8,107155,724.0,88.1,618.0,107155.0,HBA-MEL
HBA,MEL,2025,9,111670,792.0,83.1,618.0,111670.0,HBA-MEL
HBA,MEL,2025,10,121198,798.0,87.6,618.0,121198.0,HBA-MEL
HBA,MEL,2025,11,123243,799.0,85.8,618.0,123243.0,HBA-MEL
HBA,MEL,2025,12,140616,944.0,82.4,618.0,140616.0,HBA-MEL
HBA,MEL,2026,1,146052,978.0,82.3,618.0,146052.0,HBA-MEL
HBA,MEL,2026,2,119452,760.0,87.2,618.0,119452.0,HBA-MEL
HBA,MEL,2026,3,132785,846.0,85.0,618.0,132785.0,HBA-MEL
MEL,OOL,2014,7,152421,962.0,85.7,1330.0,152421.0,MEL-OOL
MEL,OOL,2014,8,147083,910.0,87.7,1330.0,147083.0,MEL-OOL
MEL,OOL,2014,9,154564,944.0,88.7,1330.0,154564.0,MEL-OOL
MEL,OOL,2014,10,167164,999.0,90.6,1330.0,167164.0,MEL-OOL
MEL,OOL,2014,11,145827,903.0,87.8,1330.0,145827.0,MEL-OOL
MEL,OOL,2014,12,161327,1069.0,81.3,1330.0,161327.0,MEL-OOL
MEL,OOL,2015,1,173754,1075.0,86.7,1330.0,173754.0,MEL-OOL
MEL,OOL,2015,2,120377,736.0,88.8,1330.0,120377.0,MEL-OOL
MEL,OOL,2015,3,139346,874.0,86.4,1330.0,139346.0,MEL-OOL
MEL,OOL,2015,4,140865,948.0,78.8,1330.0,140865.0,MEL-OOL
MEL,OOL,2015,5,124628,821.0,81.3,1330.0,124628.0,MEL-OOL
MEL,OOL,2015,6,132279,893.0,79.3,1330.0,132279.0,MEL-OOL
MEL,OOL,2015,7,163920,1028.0,84.8,1330.0,163920.0,MEL-OOL
MEL,OOL,2015,8,151747,971.0,83.7,1330.0,151747.0,MEL-OOL
MEL,OOL,2015,9,168087,1063.0,84.9,1330.0,168087.0,MEL-OOL
MEL,OOL,2015,10,173635,1076.0,86.9,1330.0,173635.0,MEL-OOL
MEL,OOL,2015,11,153036,998.0,83.5,1330.0,153036.0,MEL-OOL
MEL,OOL,2015,12,170604,1164.0,78.4,1330.0,170604.0,MEL-OOL
MEL,OOL,2016,1,187162,1223.0,82.0,1330.0,187162.0,MEL-OOL
MEL,OOL,2016,2,138607,899.0,83.3,1330.0,138607.0,MEL-OOL
MEL,OOL,2016,3,157059,1002.0,84.6,1330.0,157059.0,MEL-OOL
MEL,OOL,2016,4,151934,1043.0,77.9,1330.0,151934.0,MEL-OOL
MEL,OOL,2016,5,137386,928.0,79.4,1330.0,137386.0,MEL-OOL
MEL,OOL,2016,6,145401,949.0,81.9,1330.0,145401.0,MEL-OOL
MEL,OOL,2016,7,173416,1126.0,82.0,1330.0,173416.0,MEL-OOL
MEL,OOL,2016,8,162398,1043.0,83.5,1330.0,162398.0,MEL-OOL
MEL,OOL,2016,9,180613,1113.0,86.7,1330.0,180613.0,MEL-OOL
MEL,OOL,2016,10,186846,1144.0,86.6,1330.0,186846.0,MEL-OOL
MEL,OOL,2016,11,166368,1012.0,88.6,1330.0,166368.0,MEL-OOL
MEL,OOL,2016,12,178957,1184.0,80.9,1330.0,178957.0,MEL-OOL
MEL,OOL,2017,1,195291,1223.0,85.0,1330.0,195291.0,MEL-OOL
MEL,OOL,2017,2,134822,840.0,86.5,1330.0,134822.0,MEL-OOL
MEL,OOL,2017,3,152971,946.0,86.0,1330.0,152971.0,MEL-OOL
MEL,OOL,2017,4,169924,1086.0,85.2,1330.0,169924.0,MEL-OOL
MEL,OOL,2017,5,142575,884.0,86.7,1330.0,142575.0,MEL-OOL
MEL,OOL,2017,6,148030,948.0,82.5,1330.0,148030.0,MEL-OOL
MEL,OOL,2017,7,182710,1114.0,86.8,1330.0,182710.0,MEL-OOL
MEL,OOL,2017,8,163340,977.0,88.6,1330.0,163340.0,MEL-OOL
MEL,OOL,2017,9,178563,1079.0,87.1,1330.0,178563.0,MEL-OOL
MEL,OOL,2017,10,193076,1140.0,89.3,1330.0,193076.0,MEL-OOL
MEL,OOL,2017,11,169135,1002.0,89.9,1330.0,169135.0,MEL-OOL
MEL,OOL,2017,12,182153,1150.0,84.4,1330.0,182153.0,MEL-OOL
MEL,OOL,2018,1,204227,1234.0,88.4,1330.0,204227.0,MEL-OOL
MEL,OOL,2018,2,138448,833.0,88.8,1330.0,138448.0,MEL-OOL
MEL,OOL,2018,3,162317,1005.0,85.9,1330.0,162317.0,MEL-OOL
MEL,OOL,2018,4,170689,1131.0,79.3,1330.0,170689.0,MEL-OOL
MEL,OOL,2018,5,145334,905.0,84.8,1330.0,145334.0,MEL-OOL
MEL,OOL,2018,6,152220,934.0,86.3,1330.0,152220.0,MEL-OOL
MEL,OOL,2018,7,189036,1095.0,90.9,1330.0,189036.0,MEL-OOL
MEL,OOL,2018,8,174780,1003.0,91.6,1330.0,174780.0,MEL-OOL
MEL,OOL,2018,9,179224,1052.0,90.6,1330.0,179224.0,MEL-OOL
MEL,OOL,2018,10,187145,1108.0,89.3,1330.0,187145.0,MEL-OOL
MEL,OOL,2018,11,173113,986.0,91.3,1330.0,173113.0,MEL-OOL
MEL,OOL,2018,12,184227,1147.0,85.0,1330.0,184227.0,MEL-OOL
MEL,OOL,2019,1,206458,1236.0,88.7,1330.0,206458.0,MEL-OOL
MEL,OOL,2019,2,141685,846.0,88.2,1330.0,141685.0,MEL-OOL
MEL,OOL,2019,3,158450,941.0,89.2,1330.0,158450.0,MEL-OOL
MEL,OOL,2019,4,185845,1125.0,87.5,1330.0,185845.0,MEL-OOL
MEL,OOL,2019,5,148536,956.0,82.2,1330.0,148536.0,MEL-OOL
MEL,OOL,2019,6,154908,962.0,85.2,1330.0,154908.0,MEL-OOL
MEL,OOL,2019,7,193023,1125.0,90.6,1330.0,193023.0,MEL-OOL
MEL,OOL,2019,8,177635,1024.0,91.2,1330.0,177635.0,MEL-OOL
MEL,OOL,2019,9,186654,1057.0,93.1,1330.0,186654.0,MEL-OOL
MEL,OOL,2019,10,196929,1131.0,91.7,1330.0,196929.0,MEL-OOL
MEL,OOL,2019,11,174013,1005.0,91.9,1330.0,174013.0,MEL-OOL
MEL,OOL,2019,12,197819,1188.0,87.8,1330.0,197819.0,MEL-OOL
MEL,OOL,2020,1,196680,1123.0,92.8,1330.0,196680.0,MEL-OOL
MEL,OOL,2020,2,136318,862.0,83.3,1330.0,136318.0,MEL-OOL
MEL,OOL,2020,3,101976,754.0,72.2,1330.0,101976.0,MEL-OOL
MEL,OOL,2020,12,78612,504.0,81.8,1330.0,78612.0,MEL-OOL
MEL,OOL,2021,1,125662,865.0,76.0,1330.0,125662.0,MEL-OOL
MEL,OOL,2021,2,48932,409.0,62.7,1330.0,48932.0,MEL-OOL
MEL,OOL,2021,3,108810,689.0,82.7,1330.0,108810.0,MEL-OOL
MEL,OOL,2021,4,163402,1146.0,77.3,1330.0,163402.0,MEL-OOL
MEL,OOL,2021,5,148700,1093.0,74.4,1330.0,148700.0,MEL-OOL
MEL,OOL,2021,6,44449,519.0,45.7,1330.0,44449.0,MEL-OOL
MEL,OOL,2021,7,59636,599.0,52.6,1330.0,59636.0,MEL-OOL
MEL,OOL,2021,12,87980,757.0,60.3,1330.0,87980.0,MEL-OOL
MEL,OOL,2022,1,193545,1350.0,74.5,1330.0,193545.0,MEL-OOL
MEL,OOL,2022,2,138723,882.0,82.8,1330.0,138723.0,MEL-OOL
MEL,OOL,2022,3,172544,1188.0,78.4,1330.0,172544.0,MEL-OOL
MEL,OOL,2022,4,231090,1545.0,80.0,1330.0,231090.0,MEL-OOL
MEL,OOL,2022,5,181228,1292.0,78.2,1330.0,181228.0,MEL-OOL
MEL,OOL,2022,6,197384,1283.0,88.0,1330.0,197384.0,MEL-OOL
MEL,OOL,2022,7,207098,1234.0,95.0,1330.0,207098.0,MEL-OOL
MEL,OOL,2022,8,176815,1079.0,92.7,1330.0,176815.0,MEL-OOL
MEL,OOL,2022,9,197598,1197.0,93.6,1330.0,197598.0,MEL-OOL
MEL,OOL,2022,10,191752,1185.0,91.4,1330.0,191752.0,MEL-OOL
MEL,OOL,2022,11,197306,1200.0,89.6,1330.0,197306.0,MEL-OOL
MEL,OOL,2022,12,206572,1305.0,86.5,1330.0,206572.0,MEL-OOL
MEL,OOL,2023,1,223086,1390.0,86.6,1330.0,223086.0,MEL-OOL
MEL,OOL,2023,2,151798,987.0,83.6,1330.0,151798.0,MEL-OOL
MEL,OOL,2023,3,172123,1059.0,88.8,1330.0,172123.0,MEL-OOL
MEL,OOL,2023,4,187627,1156.0,87.9,1330.0,187627.0,MEL-OOL
MEL,OOL,2023,5,164635,1019.0,86.3,1330.0,164635.0,MEL-OOL
MEL,OOL,2023,6,164349,998.0,89.0,1330.0,164349.0,MEL-OOL
MEL,OOL,2023,7,193056,1121.0,92.6,1330.0,193056.0,MEL-OOL
MEL,OOL,2023,8,183723,1100.0,90.1,1330.0,183723.0,MEL-OOL
MEL,OOL,2023,9,197246,1152.0,92.3,1330.0,197246.0,MEL-OOL
MEL,OOL,2023,10,196329,1143.0,92.2,1330.0,196329.0,MEL-OOL
MEL,OOL,2023,11,182892,1083.0,92.0,1330.0,182892.0,MEL-OOL
MEL,OOL,2023,12,202793,1297.0,86.6,1330.0,202793.0,MEL-OOL
MEL,OOL,2024,1,217276,1518.0,79.7,1330.0,217276.0,MEL-OOL
MEL,OOL,2024,2,167902,1069.0,86.1,1330.0,167902.0,MEL-OOL
MEL,OOL,2024,3,188621,1195.0,86.0,1330.0,188621.0,MEL-OOL
MEL,OOL,2024,4,185569,1204.0,84.8,1330.0,185569.0,MEL-OOL
MEL,OOL,2024,5,156850,938.0,90.4,1330.0,156850.0,MEL-OOL
MEL,OOL,2024,6,163964,990.0,89.9,1330.0,163964.0,MEL-OOL
MEL,OOL,2024,7,192857,1132.0,92.4,1330.0,192857.0,MEL-OOL
MEL,OOL,2024,8,160999,881.0,96.1,1330.0,160999.0,MEL-OOL
MEL,OOL,2024,9,175570,1025.0,92.7,1330.0,175570.0,MEL-OOL
MEL,OOL,2024,10,192225,1104.0,94.2,1330.0,192225.0,MEL-OOL
MEL,OOL,2024,11,175094,1016.0,92.8,1330.0,175094.0,MEL-OOL
MEL,OOL,2024,12,210973,1336.0,86.9,1330.0,210973.0,MEL-OOL
MEL,OOL,2025,1,231543,1405.0,89.1,1330.0,231543.0,MEL-OOL
MEL,OOL,2025,2,154443,965.0,87.0,1330.0,154443.0,MEL-OOL
MEL,OOL,2025,3,133635,935.0,77.1,1330.0,133635.0,MEL-OOL
MEL,OOL,2025,4,184165,1198.0,82.7,1330.0,184165.0,MEL-OOL
MEL,OOL,2025,5,145771,890.0,88.1,1330.0,145771.0,MEL-OOL
MEL,OOL,2025,6,149331,907.0,88.7,1330.0,149331.0,MEL-OOL
MEL,OOL,2025,7,193006,1158.0,90.2,1330.0,193006.0,MEL-OOL
MEL,OOL,2025,8,157689,904.0,93.0,1330.0,157689.0,MEL-OOL
MEL,OOL,2025,9,187011,1101.0,90.9,1330.0,187011.0,MEL-OOL
MEL,OOL,2025,10,199638,1152.0,92.3,1330.0,199638.0,MEL-OOL
MEL,OOL,2025,11,191507,1119.0,91.8,1330.0,191507.0,MEL-OOL
MEL,OOL,2025,12,219171,1393.0,86.7,1330.0,219171.0,MEL-OOL
MEL,OOL,2026,1,230301,1369.0,91.1,1330.0,230301.0,MEL-OOL
MEL,OOL,2026,2,162034,1010.0,88.6,1330.0,162034.0,MEL-OOL
MEL,OOL,2026,3,185747,1140.0,89.2,1330.0,185747.0,MEL-OOL
MEL,PER,2014,7,185589,1068.0,78.3,2706.0,185589.0,MEL-PER
MEL,PER,2014,8,171182,984.0,77.7,2706.0,171182.0,MEL-PER
MEL,PER,2014,9,170919,1063.0,71.9,2706.0,170919.0,MEL-PER
MEL,PER,2014,10,197645,1101.0,78.4,2706.0,197645.0,MEL-PER
MEL,PER,2014,11,179884,1016.0,77.9,2706.0,179884.0,MEL-PER
MEL,PER,2014,12,194444,1101.0,77.5,2706.0,194444.0,MEL-PER
MEL,PER,2015,1,190959,1047.0,80.0,2706.0,190959.0,MEL-PER
MEL,PER,2015,2,155901,931.0,73.2,2706.0,155901.0,MEL-PER
MEL,PER,2015,3,182408,1049.0,75.2,2706.0,182408.0,MEL-PER
MEL,PER,2015,4,184530,1028.0,78.7,2706.0,184530.0,MEL-PER
MEL,PER,2015,5,163491,985.0,71.5,2706.0,163491.0,MEL-PER
MEL,PER,2015,6,154762,965.0,70.6,2706.0,154762.0,MEL-PER
MEL,PER,2015,7,197992,1067.0,80.2,2706.0,197992.0,MEL-PER
MEL,PER,2015,8,166218,991.0,77.1,2706.0,166218.0,MEL-PER
MEL,PER,2015,9,168691,1058.0,72.6,2706.0,168691.0,MEL-PER
MEL,PER,2015,10,200241,1128.0,78.9,2706.0,200241.0,MEL-PER
MEL,PER,2015,11,177829,980.0,81.5,2706.0,177829.0,MEL-PER
MEL,PER,2015,12,195839,1006.0,89.2,2706.0,195839.0,MEL-PER
MEL,PER,2016,1,189061,963.0,87.8,2706.0,189061.0,MEL-PER
MEL,PER,2016,2,158809,937.0,76.7,2706.0,158809.0,MEL-PER
MEL,PER,2016,3,183702,1025.0,80.0,2706.0,183702.0,MEL-PER
MEL,PER,2016,4,173225,979.0,79.4,2706.0,173225.0,MEL-PER
MEL,PER,2016,5,154799,860.0,82.2,2706.0,154799.0,MEL-PER
MEL,PER,2016,6,155588,905.0,80.4,2706.0,155588.0,MEL-PER
MEL,PER,2016,7,176408,956.0,83.9,2706.0,176408.0,MEL-PER
MEL,PER,2016,8,158468,960.0,74.7,2706.0,158468.0,MEL-PER
MEL,PER,2016,9,169341,999.0,76.9,2706.0,169341.0,MEL-PER
MEL,PER,2016,10,182839,1028.0,80.4,2706.0,182839.0,MEL-PER
MEL,PER,2016,11,172279,953.0,80.1,2706.0,172279.0,MEL-PER
MEL,PER,2016,12,198392,1017.0,87.8,2706.0,198392.0,MEL-PER
MEL,PER,2017,1,192229,987.0,86.9,2706.0,192229.0,MEL-PER
MEL,PER,2017,2,145066,869.0,76.7,2706.0,145066.0,MEL-PER
MEL,PER,2017,3,171856,977.0,79.2,2706.0,171856.0,MEL-PER
MEL,PER,2017,4,175969,912.0,86.6,2706.0,175969.0,MEL-PER
MEL,PER,2017,5,155880,895.0,82.8,2706.0,155880.0,MEL-PER
MEL,PER,2017,6,149339,879.0,77.1,2706.0,149339.0,MEL-PER
MEL,PER,2017,7,177484,911.0,88.5,2706.0,177484.0,MEL-PER
MEL,PER,2017,8,155780,892.0,80.5,2706.0,155780.0,MEL-PER
MEL,PER,2017,9,161000,915.0,80.9,2706.0,161000.0,MEL-PER
MEL,PER,2017,10,180013,957.0,86.9,2706.0,180013.0,MEL-PER
MEL,PER,2017,11,175940,929.0,88.1,2706.0,175940.0,MEL-PER
MEL,PER,2017,12,192686,987.0,88.8,2706.0,192686.0,MEL-PER
MEL,PER,2018,1,190757,988.0,89.6,2706.0,190757.0,MEL-PER
MEL,PER,2018,2,148619,828.0,84.1,2706.0,148619.0,MEL-PER
MEL,PER,2018,3,179204,966.0,86.1,2706.0,179204.0,MEL-PER
MEL,PER,2018,4,178163,938.0,87.3,2706.0,178163.0,MEL-PER
MEL,PER,2018,5,164284,970.0,82.3,2706.0,164284.0,MEL-PER
MEL,PER,2018,6,153915,915.0,80.2,2706.0,153915.0,MEL-PER
MEL,PER,2018,7,183462,999.0,87.2,2706.0,183462.0,MEL-PER
MEL,PER,2018,8,164205,953.0,81.6,2706.0,164205.0,MEL-PER
MEL,PER,2018,9,186178,1036.0,84.8,2706.0,186178.0,MEL-PER
MEL,PER,2018,10,188916,1029.0,86.2,2706.0,188916.0,MEL-PER
MEL,PER,2018,11,180695,998.0,86.6,2706.0,180695.0,MEL-PER
MEL,PER,2018,12,194835,1111.0,87.3,2706.0,194835.0,MEL-PER
MEL,PER,2019,1,191992,1103.0,86.5,2706.0,191992.0,MEL-PER
MEL,PER,2019,2,154799,960.0,81.3,2706.0,154799.0,MEL-PER
MEL,PER,2019,3,175437,1065.0,83.1,2706.0,175437.0,MEL-PER
MEL,PER,2019,4,180883,1013.0,86.7,2706.0,180883.0,MEL-PER
MEL,PER,2019,5,160239,999.0,81.2,2706.0,160239.0,MEL-PER
MEL,PER,2019,6,154069,968.0,81.2,2706.0,154069.0,MEL-PER
MEL,PER,2019,7,184545,1092.0,86.1,2706.0,184545.0,MEL-PER
MEL,PER,2019,8,168901,989.0,87.1,2706.0,168901.0,MEL-PER
MEL,PER,2019,9,170156,1012.0,83.0,2706.0,170156.0,MEL-PER
MEL,PER,2019,10,188376,1027.0,89.7,2706.0,188376.0,MEL-PER
MEL,PER,2019,11,183188,996.0,87.3,2706.0,183188.0,MEL-PER
MEL,PER,2019,12,197540,1050.0,90.4,2706.0,197540.0,MEL-PER
MEL,PER,2020,1,195966,1072.0,88.5,2706.0,195966.0,MEL-PER
MEL,PER,2020,2,154410,927.0,82.3,2706.0,154410.0,MEL-PER
MEL,PER,2020,3,117238,899.0,65.3,2706.0,117238.0,MEL-PER
MEL,PER,2020,4,6132,216.0,24.3,2706.0,6132.0,MEL-PER
MEL,PER,2020,5,8804,232.0,27.1,2706.0,8804.0,MEL-PER
MEL,PER,2020,6,9911,218.0,33.9,2706.0,9911.0,MEL-PER
MEL,PER,2020,7,3986,163.0,17.4,2706.0,3986.0,MEL-PER
MEL,PER,2020,8,2006,132.0,12.4,2706.0,2006.0,MEL-PER
MEL,PER,2020,9,2370,151.0,15.9,2706.0,2370.0,MEL-PER
MEL,PER,2020,10,3076,146.0,20.5,2706.0,3076.0,MEL-PER
MEL,PER,2020,11,5105,161.0,34.8,2706.0,5105.0,MEL-PER
MEL,PER,2020,12,43167,428.0,77.9,2706.0,43167.0,MEL-PER
MEL,PER,2021,1,22370,265.0,50.4,2706.0,22370.0,MEL-PER
MEL,PER,2021,2,6606,190.0,34.0,2706.0,6606.0,MEL-PER
MEL,PER,2021,3,36503,343.0,75.1,2706.0,36503.0,MEL-PER
MEL,PER,2021,4,87023,649.0,80.7,2706.0,87023.0,MEL-PER
MEL,PER,2021,5,64943,669.0,60.6,2706.0,64943.0,MEL-PER
MEL,PER,2021,6,8742,265.0,26.5,2706.0,8742.0,MEL-PER
MEL,PER,2021,7,17791,309.0,44.7,2706.0,17791.0,MEL-PER
MEL,PER,2021,8,5023,225.0,22.9,2706.0,5023.0,MEL-PER
MEL,PER,2021,9,4506,198.0,24.7,2706.0,4506.0,MEL-PER
MEL,PER,2021,10,1717,183.0,9.6,2706.0,1717.0,MEL-PER
MEL,PER,2021,11,2236,201.0,11.9,2706.0,2236.0,MEL-PER
MEL,PER,2021,12,3982,226.0,22.3,2706.0,3982.0,MEL-PER
MEL,PER,2022,1,4655,130.0,54.1,2706.0,4655.0,MEL-PER
MEL,PER,2022,2,17731,250.0,65.3,2706.0,17731.0,MEL-PER
MEL,PER,2022,3,69468,484.0,83.6,2706.0,69468.0,MEL-PER
MEL,PER,2022,4,105877,648.0,93.6,2706.0,105877.0,MEL-PER
MEL,PER,2022,5,116792,843.0,80.6,2706.0,116792.0,MEL-PER
MEL,PER,2022,6,135956,927.0,82.6,2706.0,135956.0,MEL-PER
MEL,PER,2022,7,142928,900.0,87.9,2706.0,142928.0,MEL-PER
MEL,PER,2022,8,132366,927.0,79.2,2706.0,132366.0,MEL-PER
MEL,PER,2022,9,152958,949.0,88.4,2706.0,152958.0,MEL-PER
MEL,PER,2022,10,155605,940.0,90.5,2706.0,155605.0,MEL-PER
MEL,PER,2022,11,143767,918.0,89.2,2706.0,143767.0,MEL-PER
MEL,PER,2022,12,169733,1129.0,85.8,2706.0,169733.0,MEL-PER
MEL,PER,2023,1,173411,1126.0,85.3,2706.0,173411.0,MEL-PER
MEL,PER,2023,2,133293,909.0,85.4,2706.0,133293.0,MEL-PER
MEL,PER,2023,3,163554,1066.0,88.4,2706.0,163554.0,MEL-PER
MEL,PER,2023,4,163165,1051.0,83.7,2706.0,163165.0,MEL-PER
MEL,PER,2023,5,144991,1089.0,73.1,2706.0,144991.0,MEL-PER
MEL,PER,2023,6,137865,1023.0,74.6,2706.0,137865.0,MEL-PER
MEL,PER,2023,7,161103,1034.0,86.0,2706.0,161103.0,MEL-PER
MEL,PER,2023,8,147644,1076.0,76.4,2706.0,147644.0,MEL-PER
MEL,PER,2023,9,155410,1043.0,81.2,2706.0,155410.0,MEL-PER
MEL,PER,2023,10,174966,1117.0,85.6,2706.0,174966.0,MEL-PER
MEL,PER,2023,11,179824,1118.0,90.8,2706.0,179824.0,MEL-PER
MEL,PER,2023,12,180582,1165.0,88.7,2706.0,180582.0,MEL-PER
MEL,PER,2024,1,171980,1161.0,85.1,2706.0,171980.0,MEL-PER
MEL,PER,2024,2,159735,1051.0,86.7,2706.0,159735.0,MEL-PER
MEL,PER,2024,3,173629,1150.0,83.2,2706.0,173629.0,MEL-PER
MEL,PER,2024,4,170457,1144.0,80.0,2706.0,170457.0,MEL-PER
MEL,PER,2024,5,157695,1120.0,77.4,2706.0,157695.0,MEL-PER
MEL,PER,2024,6,143845,1028.0,75.4,2706.0,143845.0,MEL-PER
MEL,PER,2024,7,172225,1176.0,80.2,2706.0,172225.0,MEL-PER
MEL,PER,2024,8,160913,1080.0,81.7,2706.0,160913.0,MEL-PER
MEL,PER,2024,9,169164,1089.0,85.2,2706.0,169164.0,MEL-PER
MEL,PER,2024,10,184411,1130.0,89.5,2706.0,184411.0,MEL-PER
MEL,PER,2024,11,177469,1095.0,89.8,2706.0,177469.0,MEL-PER
MEL,PER,2024,12,189054,1157.0,89.2,2706.0,189054.0,MEL-PER
MEL,PER,2025,1,193287,1189.0,90.2,2706.0,193287.0,MEL-PER
MEL,PER,2025,2,150014,993.0,85.6,2706.0,150014.0,MEL-PER
MEL,PER,2025,3,170769,1110.0,86.7,2706.0,170769.0,MEL-PER
MEL,PER,2025,4,179398,1124.0,90.1,2706.0,179398.0,MEL-PER
MEL,PER,2025,5,164318,1112.0,84.2,2706.0,164318.0,MEL-PER
MEL,PER,2025,6,155172,1071.0,82.3,2706.0,155172.0,MEL-PER
MEL,PER,2025,7,184325,1197.0,86.3,2706.0,184325.0,MEL-PER
MEL,PER,2025,8,161852,1108.0,83.1,2706.0,161852.0,MEL-PER
MEL,PER,2025,9,170210,1159.0,81.8,2706.0,170210.0,MEL-PER
MEL,PER,2025,10,194680,1166.0,91.3,2706.0,194680.0,MEL-PER
MEL,PER,2025,11,187571,1156.0,89.4,2706.0,187571.0,MEL-PER
MEL,PER,2025,12,197634,1253.0,88.0,2706.0,197634.0,MEL-PER
MEL,PER,2026,1,186757,1195.0,86.2,2706.0,186757.0,MEL-PER
MEL,PER,2026,2,147243,1028.0,80.7,2706.0,147243.0,MEL-PER
MEL,PER,2026,3,183518,1177.0,86.0,2706.0,183518.0,MEL-PER
MEL,SYD,2014,7,700207,4723.0,81.4,706.0,700207.0,MEL-SYD
MEL,SYD,2014,8,707012,4727.0,82.9,706.0,707012.0,MEL-SYD
MEL,SYD,2014,9,688231,4802.0,79.8,706.0,688231.0,MEL-SYD
MEL,SYD,2014,10,761619,4973.0,84.9,706.0,761619.0,MEL-SYD
MEL,SYD,2014,11,734701,4768.0,85.4,706.0,734701.0,MEL-SYD
MEL,SYD,2014,12,688886,4695.0,83.3,706.0,688886.0,MEL-SYD
MEL,SYD,2015,1,663488,4678.0,81.9,706.0,663488.0,MEL-SYD
MEL,SYD,2015,2,695373,4742.0,84.6,706.0,695373.0,MEL-SYD
MEL,SYD,2015,3,768124,5300.0,83.6,706.0,768124.0,MEL-SYD
MEL,SYD,2015,4,688146,4894.0,79.7,706.0,688146.0,MEL-SYD
MEL,SYD,2015,5,696844,5033.0,78.0,706.0,696844.0,MEL-SYD
MEL,SYD,2015,6,662010,4967.0,75.1,706.0,662010.0,MEL-SYD
MEL,SYD,2015,7,752993,5246.0,81.3,706.0,752993.0,MEL-SYD
MEL,SYD,2015,8,714015,5153.0,78.0,706.0,714015.0,MEL-SYD
MEL,SYD,2015,9,706022,5008.0,79.3,706.0,706022.0,MEL-SYD
MEL,SYD,2015,10,767170,5164.0,84.1,706.0,767170.0,MEL-SYD
MEL,SYD,2015,11,765870,4980.0,87.0,706.0,765870.0,MEL-SYD
MEL,SYD,2015,12,733117,4925.0,83.8,706.0,733117.0,MEL-SYD
MEL,SYD,2016,1,698603,4636.0,84.4,706.0,698603.0,MEL-SYD
MEL,SYD,2016,2,743202,4889.0,85.3,706.0,743202.0,MEL-SYD
MEL,SYD,2016,3,775148,5132.0,84.5,706.0,775148.0,MEL-SYD
MEL,SYD,2016,4,724216,4876.0,82.0,706.0,724216.0,MEL-SYD
MEL,SYD,2016,5,725447,4931.0,80.9,706.0,725447.0,MEL-SYD
MEL,SYD,2016,6,690168,4674.0,82.3,706.0,690168.0,MEL-SYD
MEL,SYD,2016,7,754218,5090.0,83.0,706.0,754218.0,MEL-SYD
MEL,SYD,2016,8,739254,5210.0,80.2,706.0,739254.0,MEL-SYD
MEL,SYD,2016,9,749396,5064.0,82.4,706.0,749396.0,MEL-SYD
MEL,SYD,2016,10,775717,5081.0,84.9,706.0,775717.0,MEL-SYD
MEL,SYD,2016,11,797669,5014.0,87.7,706.0,797669.0,MEL-SYD
MEL,SYD,2016,12,731634,4746.0,85.7,706.0,731634.0,MEL-SYD
MEL,SYD,2017,1,709467,4728.0,83.5,706.0,709467.0,MEL-SYD
MEL,SYD,2017,2,713450,4762.0,83.7,706.0,713450.0,MEL-SYD
MEL,SYD,2017,3,804598,5260.0,85.2,706.0,804598.0,MEL-SYD
MEL,SYD,2017,4,727051,4732.0,85.3,706.0,727051.0,MEL-SYD
MEL,SYD,2017,5,750576,5157.0,81.8,706.0,750576.0,MEL-SYD
MEL,SYD,2017,6,721462,4826.0,83.2,706.0,721462.0,MEL-SYD
MEL,SYD,2017,7,771829,5159.0,83.5,706.0,771829.0,MEL-SYD
MEL,SYD,2017,8,753958,5213.0,81.0,706.0,753958.0,MEL-SYD
MEL,SYD,2017,9,742212,4960.0,83.7,706.0,742212.0,MEL-SYD
MEL,SYD,2017,10,810784,5155.0,86.6,706.0,810784.0,MEL-SYD
MEL,SYD,2017,11,834347,5247.0,88.8,706.0,834347.0,MEL-SYD
MEL,SYD,2017,12,757605,4876.0,86.8,706.0,757605.0,MEL-SYD
MEL,SYD,2018,1,742788,4762.0,87.5,706.0,742788.0,MEL-SYD
MEL,SYD,2018,2,747641,4763.0,87.0,706.0,747641.0,MEL-SYD
MEL,SYD,2018,3,827636,5292.0,86.3,706.0,827636.0,MEL-SYD
MEL,SYD,2018,4,765782,4951.0,85.0,706.0,765782.0,MEL-SYD
MEL,SYD,2018,5,759895,5145.0,80.8,706.0,759895.0,MEL-SYD
MEL,SYD,2018,6,725667,4815.0,83.2,706.0,725667.0,MEL-SYD
MEL,SYD,2018,7,774864,5046.0,85.7,706.0,774864.0,MEL-SYD
MEL,SYD,2018,8,782224,5027.0,85.5,706.0,782224.0,MEL-SYD
MEL,SYD,2018,9,739653,4894.0,83.6,706.0,739653.0,MEL-SYD
MEL,SYD,2018,10,821285,5364.0,85.7,706.0,821285.0,MEL-SYD
MEL,SYD,2018,11,805760,5093.0,89.4,706.0,805760.0,MEL-SYD
MEL,SYD,2018,12,746815,4730.0,87.9,706.0,746815.0,MEL-SYD
MEL,SYD,2019,1,753124,4892.0,85.6,706.0,753124.0,MEL-SYD
MEL,SYD,2019,2,744375,4850.0,86.1,706.0,744375.0,MEL-SYD
MEL,SYD,2019,3,816417,5296.0,85.6,706.0,816417.0,MEL-SYD
MEL,SYD,2019,4,741922,4938.0,84.3,706.0,741922.0,MEL-SYD
MEL,SYD,2019,5,768109,5218.0,82.4,706.0,768109.0,MEL-SYD
MEL,SYD,2019,6,701648,4811.0,81.7,706.0,701648.0,MEL-SYD
MEL,SYD,2019,7,758311,5136.0,83.5,706.0,758311.0,MEL-SYD
MEL,SYD,2019,8,769529,5048.0,85.6,706.0,769529.0,MEL-SYD
MEL,SYD,2019,9,747723,4976.0,84.4,706.0,747723.0,MEL-SYD
MEL,SYD,2019,10,823951,5397.0,86.1,706.0,823951.0,MEL-SYD
MEL,SYD,2019,11,800100,5005.0,89.5,706.0,800100.0,MEL-SYD
MEL,SYD,2019,12,756723,4857.0,87.9,706.0,756723.0,MEL-SYD
MEL,SYD,2020,1,742835,4869.0,86.1,706.0,742835.0,MEL-SYD
MEL,SYD,2020,2,691944,4677.0,83.6,706.0,691944.0,MEL-SYD
MEL,SYD,2020,3,416263,3726.0,64.1,706.0,416263.0,MEL-SYD
MEL,SYD,2020,4,17098,439.0,38.3,706.0,17098.0,MEL-SYD
MEL,SYD,2020,5,18998,377.0,53.9,706.0,18998.0,MEL-SYD
MEL,SYD,2020,6,59259,707.0,63.5,706.0,59259.0,MEL-SYD
MEL,SYD,2020,7,30926,596.0,43.8,706.0,30926.0,MEL-SYD
MEL,SYD,2020,8,9891,292.0,34.7,706.0,9891.0,MEL-SYD
MEL,SYD,2020,9,10155,362.0,35.4,706.0,10155.0,MEL-SYD
MEL,SYD,2020,10,11089,364.0,40.1,706.0,11089.0,MEL-SYD
MEL,SYD,2020,11,58399,729.0,63.4,706.0,58399.0,MEL-SYD
MEL,SYD,2020,12,182987,1910.0,59.0,706.0,182987.0,MEL-SYD
MEL,SYD,2021,1,33428,633.0,43.1,706.0,33428.0,MEL-SYD
MEL,SYD,2021,2,132147,1440.0,59.7,706.0,132147.0,MEL-SYD
MEL,SYD,2021,3,341253,3276.0,63.1,706.0,341253.0,MEL-SYD
MEL,SYD,2021,4,463253,3777.0,71.0,706.0,463253.0,MEL-SYD
MEL,SYD,2021,5,378734,3615.0,61.4,706.0,378734.0,MEL-SYD
MEL,SYD,2021,6,75800,1204.0,42.3,706.0,75800.0,MEL-SYD
MEL,SYD,2021,7,11979,529.0,21.8,706.0,11979.0,MEL-SYD
MEL,SYD,2021,8,4698,394.0,19.0,706.0,4698.0,MEL-SYD
MEL,SYD,2021,9,4848,426.0,18.2,706.0,4848.0,MEL-SYD
MEL,SYD,2021,10,15400,459.0,41.6,706.0,15400.0,MEL-SYD
MEL,SYD,2021,11,241328,2082.0,72.9,706.0,241328.0,MEL-SYD
MEL,SYD,2021,12,416911,3754.0,65.9,706.0,416911.0,MEL-SYD
MEL,SYD,2022,1,302258,2834.0,64.8,706.0,302258.0,MEL-SYD
MEL,SYD,2022,2,328026,2772.0,72.5,706.0,328026.0,MEL-SYD
MEL,SYD,2022,3,513635,3925.0,78.4,706.0,513635.0,MEL-SYD
MEL,SYD,2022,4,603340,4228.0,82.5,706.0,603340.0,MEL-SYD
MEL,SYD,2022,5,578758,4424.0,76.9,706.0,578758.0,MEL-SYD
MEL,SYD,2022,6,603913,4228.0,83.4,706.0,603913.0,MEL-SYD
MEL,SYD,2022,7,610404,4012.0,86.8,706.0,610404.0,MEL-SYD
MEL,SYD,2022,8,578412,4074.0,81.9,706.0,578412.0,MEL-SYD
MEL,SYD,2022,9,620990,4062.0,87.0,706.0,620990.0,MEL-SYD
MEL,SYD,2022,10,625907,4083.0,87.3,706.0,625907.0,MEL-SYD
MEL,SYD,2022,11,628511,4124.0,88.2,706.0,628511.0,MEL-SYD
MEL,SYD,2022,12,582027,4100.0,81.8,706.0,582027.0,MEL-SYD
MEL,SYD,2023,1,573025,4083.0,80.5,706.0,573025.0,MEL-SYD
MEL,SYD,2023,2,573180,4112.0,79.6,706.0,573180.0,MEL-SYD
MEL,SYD,2023,3,689672,4749.0,84.2,706.0,689672.0,MEL-SYD
MEL,SYD,2023,4,609876,4331.0,81.0,706.0,609876.0,MEL-SYD
MEL,SYD,2023,5,620569,4743.0,76.4,706.0,620569.0,MEL-SYD
MEL,SYD,2023,6,601467,4438.0,78.7,706.0,601467.0,MEL-SYD
MEL,SYD,2023,7,633803,4593.0,80.5,706.0,633803.0,MEL-SYD
MEL,SYD,2023,8,644390,4710.0,79.5,706.0,644390.0,MEL-SYD
MEL,SYD,2023,9,645676,4548.0,81.9,706.0,645676.0,MEL-SYD
MEL,SYD,2023,10,686806,4680.0,84.3,706.0,686806.0,MEL-SYD
MEL,SYD,2023,11,696915,4604.0,89.4,706.0,696915.0,MEL-SYD
MEL,SYD,2023,12,649226,4330.0,87.7,706.0,649226.0,MEL-SYD
MEL,SYD,2024,1,650266,4428.0,84.8,706.0,650266.0,MEL-SYD
MEL,SYD,2024,2,681740,4641.0,85.2,706.0,681740.0,MEL-SYD
MEL,SYD,2024,3,709732,4980.0,82.4,706.0,709732.0,MEL-SYD
MEL,SYD,2024,4,641487,4719.0,77.8,706.0,641487.0,MEL-SYD
MEL,SYD,2024,5,664654,4968.0,77.0,706.0,664654.0,MEL-SYD
MEL,SYD,2024,6,615282,4619.0,76.8,706.0,615282.0,MEL-SYD
MEL,SYD,2024,7,653204,4836.0,78.3,706.0,653204.0,MEL-SYD
MEL,SYD,2024,8,652747,4454.0,84.5,706.0,652747.0,MEL-SYD
MEL,SYD,2024,9,662132,4548.0,83.4,706.0,662132.0,MEL-SYD
MEL,SYD,2024,10,732012,4776.0,88.7,706.0,732012.0,MEL-SYD
MEL,SYD,2024,11,704459,4407.0,92.3,706.0,704459.0,MEL-SYD
MEL,SYD,2024,12,671580,4257.0,90.7,706.0,671580.0,MEL-SYD
MEL,SYD,2025,1,671101,4143.0,91.4,706.0,671101.0,MEL-SYD
MEL,SYD,2025,2,627930,4102.0,89.1,706.0,627930.0,MEL-SYD
MEL,SYD,2025,3,722964,4696.0,88.4,706.0,722964.0,MEL-SYD
MEL,SYD,2025,4,675129,4615.0,83.2,706.0,675129.0,MEL-SYD
MEL,SYD,2025,5,667503,4719.0,80.8,706.0,667503.0,MEL-SYD
MEL,SYD,2025,6,614999,4434.0,79.0,706.0,614999.0,MEL-SYD
MEL,SYD,2025,7,681592,4687.0,83.4,706.0,681592.0,MEL-SYD
MEL,SYD,2025,8,684904,4616.0,84.5,706.0,684904.0,MEL-SYD
MEL,SYD,2025,9,655101,4698.0,79.8,706.0,655101.0,MEL-SYD
MEL,SYD,2025,10,741565,4880.0,85.8,706.0,741565.0,MEL-SYD
MEL,SYD,2025,11,703840,4494.0,89.1,706.0,703840.0,MEL-SYD
MEL,SYD,2025,12,674539,4396.0,87.7,706.0,674539.0,MEL-SYD
MEL,SYD,2026,1,640750,4178.0,88.0,706.0,640750.0,MEL-SYD
MEL,SYD,2026,2,639839,4225.0,86.8,706.0,639839.0,MEL-SYD
MEL,SYD,2026,3,726963,4743.0,87.6,706.0,726963.0,MEL-SYD
OOL,SYD,2014,7,218785,1575.0,79.9,680.0,218785.0,OOL-SYD
OOL,SYD,2014,8,202233,1457.0,80.8,680.0,202233.0,OOL-SYD
OOL,SYD,2014,9,216637,1542.0,80.7,680.0,216637.0,OOL-SYD
OOL,SYD,2014,10,246911,1634.0,86.4,680.0,246911.0,OOL-SYD
OOL,SYD,2014,11,216712,1434.0,86.9,680.0,216712.0,OOL-SYD
OOL,SYD,2014,12,237240,1603.0,84.5,680.0,237240.0,OOL-SYD
OOL,SYD,2015,1,246540,1651.0,85.6,680.0,246540.0,OOL-SYD
OOL,SYD,2015,2,189785,1262.0,87.4,680.0,189785.0,OOL-SYD
OOL,SYD,2015,3,209366,1488.0,81.3,680.0,209366.0,OOL-SYD
OOL,SYD,2015,4,217460,1512.0,83.2,680.0,217460.0,OOL-SYD
OOL,SYD,2015,5,194573,1404.0,80.7,680.0,194573.0,OOL-SYD
OOL,SYD,2015,6,187068,1409.0,76.9,680.0,187068.0,OOL-SYD
OOL,SYD,2015,7,224056,1540.0,84.2,680.0,224056.0,OOL-SYD
OOL,SYD,2015,8,203278,1465.0,80.7,680.0,203278.0,OOL-SYD
OOL,SYD,2015,9,229549,1588.0,83.5,680.0,229549.0,OOL-SYD
OOL,SYD,2015,10,246047,1627.0,86.9,680.0,246047.0,OOL-SYD
OOL,SYD,2015,11,227340,1519.0,86.7,680.0,227340.0,OOL-SYD
OOL,SYD,2015,12,243420,1669.0,84.6,680.0,243420.0,OOL-SYD
OOL,SYD,2016,1,269046,1739.0,89.4,680.0,269046.0,OOL-SYD
OOL,SYD,2016,2,212763,1389.0,89.1,680.0,212763.0,OOL-SYD
OOL,SYD,2016,3,225946,1552.0,85.0,680.0,225946.0,OOL-SYD
OOL,SYD,2016,4,226328,1555.0,85.9,680.0,226328.0,OOL-SYD
OOL,SYD,2016,5,201651,1407.0,84.8,680.0,201651.0,OOL-SYD
OOL,SYD,2016,6,192917,1371.0,83.1,680.0,192917.0,OOL-SYD
OOL,SYD,2016,7,233409,1585.0,87.0,680.0,233409.0,OOL-SYD
OOL,SYD,2016,8,210480,1458.0,85.2,680.0,210480.0,OOL-SYD
OOL,SYD,2016,9,224204,1577.0,83.6,680.0,224204.0,OOL-SYD
OOL,SYD,2016,10,240452,1611.0,87.2,680.0,240452.0,OOL-SYD
OOL,SYD,2016,11,222848,1483.0,86.5,680.0,222848.0,OOL-SYD
OOL,SYD,2016,12,244314,1652.0,84.8,680.0,244314.0,OOL-SYD
OOL,SYD,2017,1,262496,1678.0,88.9,680.0,262496.0,OOL-SYD
OOL,SYD,2017,2,207359,1383.0,88.0,680.0,207359.0,OOL-SYD
OOL,SYD,2017,3,223411,1484.0,87.7,680.0,223411.0,OOL-SYD
OOL,SYD,2017,4,234763,1579.0,85.0,680.0,234763.0,OOL-SYD
OOL,SYD,2017,5,207868,1367.0,86.2,680.0,207868.0,OOL-SYD
OOL,SYD,2017,6,201055,1393.0,81.3,680.0,201055.0,OOL-SYD
OOL,SYD,2017,7,237300,1573.0,85.9,680.0,237300.0,OOL-SYD
OOL,SYD,2017,8,207373,1408.0,83.9,680.0,207373.0,OOL-SYD
OOL,SYD,2017,9,225108,1482.0,85.8,680.0,225108.0,OOL-SYD
OOL,SYD,2017,10,243670,1565.0,87.7,680.0,243670.0,OOL-SYD
OOL,SYD,2017,11,237198,1498.0,89.1,680.0,237198.0,OOL-SYD
OOL,SYD,2017,12,253144,1628.0,87.2,680.0,253144.0,OOL-SYD
OOL,SYD,2018,1,268842,1677.0,89.5,680.0,268842.0,OOL-SYD
OOL,SYD,2018,2,210782,1329.0,89.3,680.0,210782.0,OOL-SYD
OOL,SYD,2018,3,231490,1522.0,85.7,680.0,231490.0,OOL-SYD
OOL,SYD,2018,4,242480,1617.0,85.5,680.0,242480.0,OOL-SYD
OOL,SYD,2018,5,200578,1310.0,86.4,680.0,200578.0,OOL-SYD
OOL,SYD,2018,6,193628,1353.0,82.1,680.0,193628.0,OOL-SYD
OOL,SYD,2018,7,228633,1496.0,87.7,680.0,228633.0,OOL-SYD
OOL,SYD,2018,8,220913,1478.0,86.1,680.0,220913.0,OOL-SYD
OOL,SYD,2018,9,222866,1517.0,83.9,680.0,222866.0,OOL-SYD
OOL,SYD,2018,10,240827,1587.0,86.9,680.0,240827.0,OOL-SYD
OOL,SYD,2018,11,222005,1415.0,88.5,680.0,222005.0,OOL-SYD
OOL,SYD,2018,12,239752,1537.0,87.9,680.0,239752.0,OOL-SYD
OOL,SYD,2019,1,264968,1609.0,91.7,680.0,264968.0,OOL-SYD
OOL,SYD,2019,2,202044,1262.0,90.5,680.0,202044.0,OOL-SYD
OOL,SYD,2019,3,217522,1408.0,87.5,680.0,217522.0,OOL-SYD
OOL,SYD,2019,4,227621,1578.0,84.0,680.0,227621.0,OOL-SYD
OOL,SYD,2019,5,206393,1478.0,81.1,680.0,206393.0,OOL-SYD
OOL,SYD,2019,6,198319,1440.0,79.9,680.0,198319.0,OOL-SYD
OOL,SYD,2019,7,235419,1587.0,86.1,680.0,235419.0,OOL-SYD
OOL,SYD,2019,8,217246,1463.0,86.0,680.0,217246.0,OOL-SYD
OOL,SYD,2019,9,227457,1528.0,86.2,680.0,227457.0,OOL-SYD
OOL,SYD,2019,10,255206,1591.0,91.8,680.0,255206.0,OOL-SYD
OOL,SYD,2019,11,233161,1456.0,91.2,680.0,233161.0,OOL-SYD
OOL,SYD,2019,12,247753,1570.0,88.1,680.0,247753.0,OOL-SYD
OOL,SYD,2020,1,275559,1696.0,90.8,680.0,275559.0,OOL-SYD
OOL,SYD,2020,2,197130,1329.0,84.5,680.0,197130.0,OOL-SYD
OOL,SYD,2020,3,130820,1066.0,70.7,680.0,130820.0,OOL-SYD
OOL,SYD,2020,4,1518,44.0,19.7,680.0,1518.0,OOL-SYD
OOL,SYD,2020,6,5089,44.0,65.0,680.0,5089.0,OOL-SYD
OOL,SYD,2020,7,34335,248.0,76.2,680.0,34335.0,OOL-SYD
OOL,SYD,2020,8,2398,36.0,38.1,680.0,2398.0,OOL-SYD
OOL,SYD,2020,11,4773,77.0,56.0,680.0,4773.0,OOL-SYD
OOL,SYD,2020,12,54892,484.0,66.9,680.0,54892.0,OOL-SYD
OOL,SYD,2021,2,68124,482.0,82.7,680.0,68124.0,OOL-SYD
OOL,SYD,2021,3,120133,880.0,77.9,680.0,120133.0,OOL-SYD
OOL,SYD,2021,4,180435,1446.0,70.5,680.0,180435.0,OOL-SYD
OOL,SYD,2021,5,164919,1266.0,73.3,680.0,164919.0,OOL-SYD
OOL,SYD,2021,6,133984,1134.0,67.5,680.0,133984.0,OOL-SYD
OOL,SYD,2021,7,4270,155.0,19.6,680.0,4270.0,OOL-SYD
OOL,SYD,2021,12,69952,774.0,52.3,680.0,69952.0,OOL-SYD
OOL,SYD,2022,1,138057,1118.0,69.0,680.0,138057.0,OOL-SYD
OOL,SYD,2022,2,129146,909.0,82.1,680.0,129146.0,OOL-SYD
OOL,SYD,2022,3,172067,1266.0,78.5,680.0,172067.0,OOL-SYD
OOL,SYD,2022,4,234261,1658.0,81.2,680.0,234261.0,OOL-SYD
OOL,SYD,2022,5,195445,1615.0,69.3,680.0,195445.0,OOL-SYD
OOL,SYD,2022,6,191480,1418.0,79.2,680.0,191480.0,OOL-SYD
OOL,SYD,2022,7,207901,1405.0,86.9,680.0,207901.0,OOL-SYD
OOL,SYD,2022,8,195712,1378.0,82.0,680.0,195712.0,OOL-SYD
OOL,SYD,2022,9,197211,1246.0,92.1,681.0,197211.0,OOL-SYD
OOL,SYD,2022,10,215391,1384.0,90.4,680.0,215391.0,OOL-SYD
OOL,SYD,2022,11,208658,1357.0,89.3,680.0,208658.0,OOL-SYD
OOL,SYD,2022,12,213185,1436.0,86.1,680.0,213185.0,OOL-SYD
OOL,SYD,2023,1,226524,1514.0,87.0,680.0,226524.0,OOL-SYD
OOL,SYD,2023,2,173883,1212.0,83.2,680.0,173883.0,OOL-SYD
OOL,SYD,2023,3,191760,1305.0,85.6,680.0,191760.0,OOL-SYD
OOL,SYD,2023,4,201873,1325.0,86.5,680.0,201873.0,OOL-SYD
OOL,SYD,2023,5,188949,1311.0,81.9,680.0,188949.0,OOL-SYD
OOL,SYD,2023,6,186899,1304.0,81.5,680.0,186899.0,OOL-SYD
OOL,SYD,2023,7,211164,1428.0,84.3,680.0,211164.0,OOL-SYD
OOL,SYD,2023,8,193308,1365.0,82.1,680.0,193308.0,OOL-SYD
OOL,SYD,2023,9,212138,1393.0,88.0,680.0,212138.0,OOL-SYD
OOL,SYD,2023,10,218515,1426.0,88.3,680.0,218515.0,OOL-SYD
OOL,SYD,2023,11,208731,1336.0,89.3,680.0,208731.0,OOL-SYD
OOL,SYD,2023,12,222875,1476.0,87.1,680.0,222875.0,OOL-SYD
OOL,SYD,2024,1,239183,1571.0,85.2,680.0,239183.0,OOL-SYD
OOL,SYD,2024,2,197477,1237.0,88.9,680.0,197477.0,OOL-SYD
OOL,SYD,2024,3,211255,1403.0,84.0,680.0,211255.0,OOL-SYD
OOL,SYD,2024,4,217370,1468.0,82.6,680.0,217370.0,OOL-SYD
OOL,SYD,2024,5,195811,1338.0,82.7,680.0,195811.0,OOL-SYD
OOL,SYD,2024,6,190794,1292.0,83.3,680.0,190794.0,OOL-SYD
OOL,SYD,2024,7,222293,1485.0,84.3,680.0,222293.0,OOL-SYD
OOL,SYD,2024,8,204212,1279.0,90.7,680.0,204212.0,OOL-SYD
OOL,SYD,2024,9,208770,1311.0,89.2,680.0,208770.0,OOL-SYD
OOL,SYD,2024,10,230329,1405.0,92.9,680.0,230329.0,OOL-SYD
OOL,SYD,2024,11,200092,1238.0,92.6,680.0,200092.0,OOL-SYD
OOL,SYD,2024,12,220450,1412.0,89.1,680.0,220450.0,OOL-SYD
OOL,SYD,2025,1,240690,1484.0,92.1,680.0,240690.0,OOL-SYD
OOL,SYD,2025,2,171249,1064.0,92.0,680.0,171249.0,OOL-SYD
OOL,SYD,2025,3,158561,1065.0,84.6,680.0,158561.0,OOL-SYD
OOL,SYD,2025,4,213520,1465.0,81.9,680.0,213520.0,OOL-SYD
OOL,SYD,2025,5,203957,1366.0,85.6,680.0,203957.0,OOL-SYD
OOL,SYD,2025,6,191706,1356.0,80.9,680.0,191706.0,OOL-SYD
OOL,SYD,2025,7,228419,1486.0,87.0,680.0,228419.0,OOL-SYD
OOL,SYD,2025,8,213927,1361.0,89.3,680.0,213927.0,OOL-SYD
OOL,SYD,2025,9,220532,1439.0,86.9,680.0,220532.0,OOL-SYD
OOL,SYD,2025,10,237795,1438.0,92.5,680.0,237795.0,OOL-SYD
OOL,SYD,2025,11,213428,1288.0,93.5,680.0,213428.0,OOL-SYD
OOL,SYD,2025,12,233904,1494.0,88.4,680.0,233904.0,OOL-SYD
OOL,SYD,2026,1,248075,1548.0,91.0,680.0,248075.0,OOL-SYD
OOL,SYD,2026,2,185066,1170.0,90.9,680.0,185066.0,OOL-SYD
OOL,SYD,2026,3,205896,1300.0,90.2,680.0,205896.0,OOL-SYD
PER,SYD,2014,7,149223,752.0,77.7,3284.0,149223.0,PER-SYD
PER,SYD,2014,8,142631,718.0,78.8,3284.0,142631.0,PER-SYD
PER,SYD,2014,9,145762,726.0,80.2,3284.0,145762.0,PER-SYD
PER,SYD,2014,10,164119,768.0,83.9,3284.0,164119.0,PER-SYD
PER,SYD,2014,11,150818,734.0,81.3,3284.0,150818.0,PER-SYD
PER,SYD,2014,12,165296,773.0,84.0,3284.0,165296.0,PER-SYD
PER,SYD,2015,1,159103,751.0,83.9,3284.0,159103.0,PER-SYD
PER,SYD,2015,2,130374,691.0,77.0,3284.0,130374.0,PER-SYD
PER,SYD,2015,3,151948,787.0,78.8,3284.0,151948.0,PER-SYD
PER,SYD,2015,4,151306,747.0,81.1,3284.0,151306.0,PER-SYD
PER,SYD,2015,5,134755,777.0,70.9,3284.0,134755.0,PER-SYD
PER,SYD,2015,6,129313,748.0,70.2,3284.0,129313.0,PER-SYD
PER,SYD,2015,7,152880,794.0,77.6,3284.0,152880.0,PER-SYD
PER,SYD,2015,8,140321,759.0,75.7,3284.0,140321.0,PER-SYD
PER,SYD,2015,9,143623,746.0,76.9,3284.0,143623.0,PER-SYD
PER,SYD,2015,10,153809,776.0,82.1,3284.0,153809.0,PER-SYD
PER,SYD,2015,11,150015,763.0,83.4,3284.0,150015.0,PER-SYD
PER,SYD,2015,12,163577,809.0,85.4,3284.0,163577.0,PER-SYD
PER,SYD,2016,1,157382,772.0,87.0,3284.0,157382.0,PER-SYD
PER,SYD,2016,2,134203,740.0,78.1,3284.0,134203.0,PER-SYD
PER,SYD,2016,3,152013,788.0,81.3,3284.0,152013.0,PER-SYD
PER,SYD,2016,4,148441,746.0,83.4,3284.0,148441.0,PER-SYD
PER,SYD,2016,5,135056,728.0,77.7,3284.0,135056.0,PER-SYD
PER,SYD,2016,6,128710,726.0,75.9,3284.0,128710.0,PER-SYD
PER,SYD,2016,7,149628,775.0,82.6,3284.0,149628.0,PER-SYD
PER,SYD,2016,8,137093,774.0,74.3,3284.0,137093.0,PER-SYD
PER,SYD,2016,9,149424,755.0,82.4,3284.0,149424.0,PER-SYD
PER,SYD,2016,10,151974,787.0,82.9,3284.0,151974.0,PER-SYD
PER,SYD,2016,11,146942,760.0,81.1,3284.0,146942.0,PER-SYD
PER,SYD,2016,12,162829,803.0,86.9,3284.0,162829.0,PER-SYD
PER,SYD,2017,1,157653,757.0,87.5,3284.0,157653.0,PER-SYD
PER,SYD,2017,2,128175,688.0,77.7,3284.0,128175.0,PER-SYD
PER,SYD,2017,3,144744,776.0,79.3,3284.0,144744.0,PER-SYD
PER,SYD,2017,4,147281,757.0,84.8,3284.0,147281.0,PER-SYD
PER,SYD,2017,5,135251,748.0,78.3,3284.0,135251.0,PER-SYD
PER,SYD,2017,6,126758,718.0,76.4,3284.0,126758.0,PER-SYD
PER,SYD,2017,7,146716,761.0,84.3,3284.0,146716.0,PER-SYD
PER,SYD,2017,8,134287,769.0,77.0,3284.0,134287.0,PER-SYD
PER,SYD,2017,9,139425,746.0,82.2,3284.0,139425.0,PER-SYD
PER,SYD,2017,10,150133,774.0,82.5,3284.0,150133.0,PER-SYD
PER,SYD,2017,11,146107,737.0,85.0,3284.0,146107.0,PER-SYD
PER,SYD,2017,12,159947,800.0,87.6,3284.0,159947.0,PER-SYD
PER,SYD,2018,1,153250,768.0,88.1,3284.0,153250.0,PER-SYD
PER,SYD,2018,2,128167,683.0,82.1,3284.0,128167.0,PER-SYD
PER,SYD,2018,3,149388,774.0,85.3,3284.0,149388.0,PER-SYD
PER,SYD,2018,4,148212,749.0,87.6,3284.0,148212.0,PER-SYD
PER,SYD,2018,5,136706,762.0,80.1,3284.0,136706.0,PER-SYD
PER,SYD,2018,6,127609,739.0,78.1,3284.0,127609.0,PER-SYD
PER,SYD,2018,7,147397,786.0,82.7,3284.0,147397.0,PER-SYD
PER,SYD,2018,8,133054,731.0,77.9,3284.0,133054.0,PER-SYD
PER,SYD,2018,9,141228,723.0,84.6,3284.0,141228.0,PER-SYD
PER,SYD,2018,10,151269,777.0,85.6,3284.0,151269.0,PER-SYD
PER,SYD,2018,11,148387,782.0,86.7,3284.0,148387.0,PER-SYD
PER,SYD,2018,12,152244,811.0,87.7,3284.0,152244.0,PER-SYD
PER,SYD,2019,1,151523,790.0,86.5,3284.0,151523.0,PER-SYD
PER,SYD,2019,2,124387,699.0,82.3,3284.0,124387.0,PER-SYD
PER,SYD,2019,3,140867,782.0,83.2,3284.0,140867.0,PER-SYD
PER,SYD,2019,4,142360,745.0,85.9,3284.0,142360.0,PER-SYD
PER,SYD,2019,5,133040,742.0,81.2,3284.0,133040.0,PER-SYD
PER,SYD,2019,6,124608,707.0,79.3,3284.0,124608.0,PER-SYD
PER,SYD,2019,7,147114,776.0,84.2,3284.0,147114.0,PER-SYD
PER,SYD,2019,8,133503,729.0,83.1,3284.0,133503.0,PER-SYD
PER,SYD,2019,9,135822,740.0,83.2,3284.0,135822.0,PER-SYD
PER,SYD,2019,10,157973,770.0,89.8,3284.0,157973.0,PER-SYD
PER,SYD,2019,11,143128,731.0,87.7,3284.0,143128.0,PER-SYD
PER,SYD,2019,12,157706,795.0,89.7,3284.0,157706.0,PER-SYD
PER,SYD,2020,1,148044,755.0,88.6,3284.0,148044.0,PER-SYD
PER,SYD,2020,2,126619,703.0,82.1,3284.0,126619.0,PER-SYD
PER,SYD,2020,3,94861,664.0,64.8,3284.0,94861.0,PER-SYD
PER,SYD,2020,4,5249,83.0,29.2,3284.0,5249.0,PER-SYD
PER,SYD,2020,5,7100,62.0,41.3,3284.0,7100.0,PER-SYD
PER,SYD,2020,6,8973,100.0,39.3,3284.0,8973.0,PER-SYD
PER,SYD,2020,7,8591,126.0,34.8,3284.0,8591.0,PER-SYD
PER,SYD,2020,8,3913,100.0,21.5,3284.0,3913.0,PER-SYD
PER,SYD,2020,9,4228,95.0,23.8,3284.0,4228.0,PER-SYD
PER,SYD,2020,10,5421,97.0,29.9,3284.0,5421.0,PER-SYD
PER,SYD,2020,11,6421,91.0,37.4,3284.0,6421.0,PER-SYD
PER,SYD,2020,12,18286,219.0,45.0,3284.0,18286.0,PER-SYD
PER,SYD,2021,1,8079,101.0,42.1,3284.0,8079.0,PER-SYD
PER,SYD,2021,2,15658,157.0,58.1,3284.0,15658.0,PER-SYD
PER,SYD,2021,3,58218,483.0,61.4,3284.0,58218.0,PER-SYD
PER,SYD,2021,4,79800,525.0,78.8,3284.0,79800.0,PER-SYD
PER,SYD,2021,5,72317,608.0,60.1,3284.0,72317.0,PER-SYD
PER,SYD,2021,6,63546,479.0,65.6,3284.0,63546.0,PER-SYD
PER,SYD,2021,7,3887,152.0,15.9,3284.0,3887.0,PER-SYD
PER,SYD,2021,8,2613,144.0,12.3,3284.0,2613.0,PER-SYD
PER,SYD,2021,9,1073,117.0,6.1,3284.0,1073.0,PER-SYD
PER,SYD,2021,10,1314,93.0,8.2,3284.0,1314.0,PER-SYD
PER,SYD,2021,11,2977,131.0,17.6,3284.0,2977.0,PER-SYD
PER,SYD,2021,12,4256,107.0,30.4,3284.0,4256.0,PER-SYD
PER,SYD,2022,1,1942,44.0,58.0,3284.0,1942.0,PER-SYD
PER,SYD,2022,2,12169,137.0,59.5,3284.0,12169.0,PER-SYD
PER,SYD,2022,3,52075,308.0,81.2,3284.0,52075.0,PER-SYD
PER,SYD,2022,4,97251,540.0,91.1,3284.0,97251.0,PER-SYD
PER,SYD,2022,5,100262,634.0,80.7,3284.0,100262.0,PER-SYD
PER,SYD,2022,6,108851,684.0,81.7,3284.0,108851.0,PER-SYD
PER,SYD,2022,7,121502,723.0,87.3,3284.0,121502.0,PER-SYD
PER,SYD,2022,8,113270,743.0,80.6,3284.0,113270.0,PER-SYD
PER,SYD,2022,9,118470,689.0,90.0,3284.0,118470.0,PER-SYD
PER,SYD,2022,10,131570,746.0,91.8,3284.0,131570.0,PER-SYD
PER,SYD,2022,11,126516,763.0,88.7,3284.0,126516.0,PER-SYD
PER,SYD,2022,12,134968,796.0,91.8,3284.0,134968.0,PER-SYD
PER,SYD,2023,1,132144,805.0,87.7,3284.0,132144.0,PER-SYD
PER,SYD,2023,2,111718,705.0,84.8,3284.0,111718.0,PER-SYD
PER,SYD,2023,3,134422,809.0,88.6,3284.0,134422.0,PER-SYD
PER,SYD,2023,4,130137,791.0,84.0,3284.0,130137.0,PER-SYD
PER,SYD,2023,5,123888,818.0,76.8,3284.0,123888.0,PER-SYD
PER,SYD,2023,6,118201,800.0,74.6,3284.0,118201.0,PER-SYD
PER,SYD,2023,7,137226,831.0,83.7,3284.0,137226.0,PER-SYD
PER,SYD,2023,8,126880,836.0,76.6,3284.0,126880.0,PER-SYD
PER,SYD,2023,9,137740,832.0,82.7,3284.0,137740.0,PER-SYD
PER,SYD,2023,10,145415,832.0,89.0,3284.0,145415.0,PER-SYD
PER,SYD,2023,11,142354,809.0,93.2,3284.0,142354.0,PER-SYD
PER,SYD,2023,12,146701,869.0,90.4,3284.0,146701.0,PER-SYD
PER,SYD,2024,1,143572,905.0,86.9,3284.0,143572.0,PER-SYD
PER,SYD,2024,2,127574,731.0,89.1,3284.0,127574.0,PER-SYD
PER,SYD,2024,3,134013,776.0,89.1,3284.0,134013.0,PER-SYD
PER,SYD,2024,4,131082,840.0,83.4,3284.0,131082.0,PER-SYD
PER,SYD,2024,5,124902,799.0,83.5,3284.0,124902.0,PER-SYD
PER,SYD,2024,6,113113,758.0,78.0,3284.0,113113.0,PER-SYD
PER,SYD,2024,7,134210,885.0,79.4,3284.0,134210.0,PER-SYD
PER,SYD,2024,8,133657,863.0,81.9,3284.0,133657.0,PER-SYD
PER,SYD,2024,9,141360,869.0,84.9,3284.0,141360.0,PER-SYD
PER,SYD,2024,10,152975,881.0,91.3,3284.0,152975.0,PER-SYD
PER,SYD,2024,11,147230,862.0,90.0,3284.0,147230.0,PER-SYD
PER,SYD,2024,12,155668,928.0,90.1,3284.0,155668.0,PER-SYD
PER,SYD,2025,1,157473,938.0,89.4,3284.0,157473.0,PER-SYD
PER,SYD,2025,2,127607,813.0,83.6,3284.0,127607.0,PER-SYD
PER,SYD,2025,3,145843,895.0,87.0,3284.0,145843.0,PER-SYD
PER,SYD,2025,4,154303,905.0,91.4,3284.0,154303.0,PER-SYD
PER,SYD,2025,5,137956,866.0,85.8,3284.0,137956.0,PER-SYD
PER,SYD,2025,6,129573,866.0,80.0,3284.0,129573.0,PER-SYD
PER,SYD,2025,7,143567,953.0,81.5,3284.0,143567.0,PER-SYD
PER,SYD,2025,8,133425,893.0,78.9,3284.0,133425.0,PER-SYD
PER,SYD,2025,9,144464,930.0,82.0,3284.0,144464.0,PER-SYD
PER,SYD,2025,10,162539,935.0,91.0,3284.0,162539.0,PER-SYD
PER,SYD,2025,11,153079,901.0,87.8,3284.0,153079.0,PER-SYD
PER,SYD,2025,12,159485,1010.0,85.9,3284.0,159485.0,PER-SYD
PER,SYD,2026,1,154885,1015.0,82.7,3284.0,154885.0,PER-SYD
PER,SYD,2026,2,124064,852.0,80.0,3284.0,124064.0,PER-SYD
PER,SYD,2026,3,151904,941.0,87.7,3284.0,151904.0,PER-SYD
